time,flux,flux_err
2810.8882566207367,175.72837829589844,nan
2810.8952009747354,175.56105041503906,nan
2810.9021453285013,174.99746704101562,nan
2810.9160340355693,175.6852569580078,nan
2810.929922741706,175.75498962402344,nan
2810.9368670945405,175.7174072265625,nan
2810.957700151418,175.7235870361328,nan
2810.964644503089,175.4773712158203,nan
2810.97158885476,175.5614013671875,nan
2810.978533206197,175.30703735351562,nan
2810.985477557403,175.55372619628906,nan
2810.992421908609,175.34217834472656,nan
2810.999366259349,176.09686279296875,nan
2811.006310609856,175.79962158203125,nan
2811.0132549603622,175.4320068359375,nan
2811.020199310403,176.09715270996094,nan
2811.027143660444,175.6642303466797,nan
2811.034088010253,176.3427276611328,nan
2811.041032359829,175.6935577392578,nan
2811.047976709171,175.45785522460938,nan
2811.054921058513,176.13888549804688,nan
2811.0618654073905,176.03712463378906,nan
2811.068809756268,175.76470947265625,nan
2811.075754104912,175.64468383789062,nan
2811.0826984533232,175.8087158203125,nan
2811.089642801501,175.77047729492188,nan
2811.0965871496805,175.33590698242188,nan
2811.1035314973933,176.15689086914062,nan
2811.110475845107,175.2670135498047,nan
2811.117420192588,176.02406311035156,nan
2811.124364540068,175.41358947753906,nan
2811.131308887082,176.3782501220703,nan
2811.1382532340967,176.30946350097656,nan
2811.1451975808786,175.90293884277344,nan
2811.15214192766,175.62208557128906,nan
2811.159086273976,176.2157745361328,nan
2811.166030620291,175.85450744628906,nan
2811.1729749663746,175.22755432128906,nan
2811.179919312225,175.89462280273438,nan
2811.1868636580757,176.05722045898438,nan
2811.193808003693,175.5810546875,nan
2811.200752349077,175.86109924316406,nan
2811.207696694461,175.76507568359375,nan
2811.214641039613,176.1533966064453,nan
2811.221585384533,175.6870574951172,nan
2811.2285297292183,175.3657684326172,nan
2811.2354740739047,175.94676208496094,nan
2811.2424184183583,175.76243591308594,nan
2811.249362762811,175.68795776367188,nan
2811.2563071070317,175.42344665527344,nan
2811.2632514510196,176.3329620361328,nan
2811.2701957947747,175.759521484375,nan
2811.27714013853,175.95558166503906,nan
2811.284084482284,175.7506866455078,nan
2811.291028825574,176.0676727294922,nan
2811.297973168863,175.9335479736328,nan
2811.3049175121523,175.97317504882812,nan
2811.311861855209,176.2178955078125,nan
2811.318806198032,175.77938842773438,nan
2811.325750540855,175.23910522460938,nan
2811.332694883446,175.3043975830078,nan
2811.3396392258037,175.8507537841797,nan
2811.346583568162,176.4241180419922,nan
2811.353527910286,175.5866241455078,nan
2811.360472252411,175.63616943359375,nan
2811.367416594536,176.11680603027344,nan
2811.374360936196,176.0555419921875,nan
2811.381305277855,175.72210693359375,nan
2811.388249619515,176.07000732421875,nan
2811.395193960941,175.6419219970703,nan
2811.402138302367,175.64198303222656,nan
2811.4090826435613,175.20870971679688,nan
2811.416026984522,175.4918670654297,nan
2811.422971325483,175.355712890625,nan
2811.429915666444,175.33985900878906,nan
2811.436860007172,175.89414978027344,nan
2811.443804347667,175.83413696289062,nan
2811.450748688163,176.26739501953125,nan
2811.457693028658,175.37945556640625,nan
2811.464637368921,175.8325958251953,nan
2811.4715817091837,175.6278533935547,nan
2811.4785260492126,176.29026794433594,nan
2811.4854703890087,176.6282958984375,nan
2811.4924147288057,176.00157165527344,nan
2811.4993590686026,175.79840087890625,nan
2811.5063034083996,175.541748046875,nan
2811.51324774773,175.25942993164062,nan
2811.5201920872933,175.93211364746094,nan
2811.5271364266246,175.98004150390625,nan
2811.534080765723,175.87232971191406,nan
2811.541025104821,175.63389587402344,nan
2811.54796944392,175.47349548339844,nan
2811.5549137827848,175.49229431152344,nan
2811.5618581216495,175.3717803955078,nan
2811.568802460515,176.10804748535156,nan
2811.575746799148,176.38705444335938,nan
2811.582691137548,176.14405822753906,nan
2811.589635476181,176.0702667236328,nan
2811.5965798145808,175.94598388671875,nan
2811.603524152748,175.59271240234375,nan
2811.610468490914,176.04031372070312,nan
2811.6174128290813,176.22520446777344,nan
2811.624357167016,176.06423950195312,nan
2811.63130150495,175.607666015625,nan
2811.6382458428843,175.55821228027344,nan
2811.645190180585,175.79701232910156,nan
2811.652134518286,175.4037322998047,nan
2811.659078855987,176.08932495117188,nan
2811.666023193456,175.52159118652344,nan
2811.6729675309243,175.54922485351562,nan
2811.67991186816,175.5396728515625,nan
2811.686856205395,175.84275817871094,nan
2811.6938005426305,176.12950134277344,nan
2811.700744879866,175.72909545898438,nan
2811.707689216869,176.05812072753906,nan
2811.7146335538714,176.0377197265625,nan
2811.721577890641,176.47286987304688,nan
2811.7285222274113,175.6492462158203,nan
2811.735466564181,175.85409545898438,nan
2811.7424109009507,175.93826293945312,nan
2811.7493552374885,175.9889373779297,nan
2811.756299574026,175.9720458984375,nan
2811.763243910563,175.72708129882812,nan
2811.7701882468673,175.37940979003906,nan
2811.777132583172,176.39830017089844,nan
2811.784076919476,175.80259704589844,nan
2811.791021255548,175.78187561035156,nan
2811.7979655918516,175.477294921875,nan
2811.8049099279233,175.496826171875,nan
2811.8118542637612,175.69088745117188,nan
2811.818798599833,175.71531677246094,nan
2811.8257429356718,175.85572814941406,nan
2811.8326872715106,175.77586364746094,nan
2811.8396316071157,175.30653381347656,nan
2811.846575942721,175.8714599609375,nan
2811.853520278327,175.71420288085938,nan
2811.860464613933,175.99514770507812,nan
2811.867408949539,176.13775634765625,nan
2811.874353284912,175.15304565429688,nan
2811.8812976202844,175.18826293945312,nan
2811.888241955657,175.4343719482422,nan
2811.895186290797,175.28793334960938,nan
2811.90213062617,175.65875244140625,nan
2811.9090749613106,176.2112274169922,nan
2811.916019296218,176.21234130859375,nan
2811.922963631358,176.03042602539062,nan
2811.929907966266,175.44845581054688,nan
2811.936852301173,176.56100463867188,nan
2811.94379663608,175.55172729492188,nan
2811.950740970988,176.06256103515625,nan
2811.9576853056633,176.2604522705078,nan
2811.9646296405695,175.61166381835938,nan
2811.9715739752437,175.69189453125,nan
2811.9785183096856,176.18775939941406,nan
2811.9854626443594,176.15748596191406,nan
2811.9924069788012,176.31854248046875,nan
2811.9993513132436,175.736328125,nan
2812.0062956476845,175.8658905029297,nan
2812.013239982126,176.2463836669922,nan
2812.020184316568,175.6795654296875,nan
2812.027128650777,176.02870178222656,nan
2812.034072984985,176.3653564453125,nan
2812.041017319194,175.25924682617188,nan
2812.0479616534026,175.4891357421875,nan
2812.054905987378,175.6676788330078,nan
2812.061850321587,175.99755859375,nan
2812.0687946555636,176.14280700683594,nan
2812.075738989539,176.1519317626953,nan
2812.0826833232836,175.8720703125,nan
2812.0896276572603,176.08497619628906,nan
2812.0965719910027,175.510498046875,nan
2812.103516324978,176.3701934814453,nan
2812.110460658722,176.11610412597656,nan
2812.117404992465,175.87893676757812,nan
2812.124349325975,175.8378448486328,nan
2812.1312936597187,176.2626953125,nan
2812.1382379932284,176.28897094726562,nan
2812.145182326738,176.27508544921875,nan
2812.152126660249,176.1667938232422,nan
2812.1590709937595,176.07333374023438,nan
2812.1660153272696,175.4005584716797,nan
2812.172959660547,175.95274353027344,nan
2812.179903994057,175.56324768066406,nan
2812.186848327334,175.5777130126953,nan
2812.193792660612,175.89541625976562,nan
2812.200736993889,176.45223999023438,nan
2812.207681326934,175.82716369628906,nan
2812.214625660212,175.9853057861328,nan
2812.221569993256,175.60389709472656,nan
2812.228514326533,176.47433471679688,nan
2812.235458659578,176.1582489013672,nan
2812.2424029926224,175.4750213623047,nan
2812.2493473256673,175.55841064453125,nan
2812.25629165848,176.27914428710938,nan
2812.263235991525,175.93431091308594,nan
2812.2701803243363,176.02821350097656,nan
2812.2771246571483,175.86119079589844,nan
2812.28406898996,176.0926513671875,nan
2812.291013322772,176.0595703125,nan
2812.297957655584,175.87704467773438,nan
2812.304901988396,176.39434814453125,nan
2812.311846320975,175.65467834472656,nan
2812.318790653786,176.32273864746094,nan
2812.3257349863643,176.00155639648438,nan
2812.332679318944,175.50625610351562,nan
2812.3396236515227,176.04371643066406,nan
2812.346567984102,176.5355224609375,nan
2812.353512316681,175.4016876220703,nan
2812.3604566490267,176.0926513671875,nan
2812.3674009816054,176.06246948242188,nan
2812.3743453139523,176.05557250976562,nan
2812.381289646298,176.1016845703125,nan
2812.388233978644,176.248779296875,nan
2812.3951783109896,175.81336975097656,nan
2812.402122643336,176.38040161132812,nan
2812.4090669756824,175.7686004638672,nan
2812.4160113080297,176.0528564453125,nan
2812.4229556401433,176.07244873046875,nan
2812.4298999724897,176.1820526123047,nan
2812.4368443046033,176.1187286376953,nan
2812.443788636716,176.49378967285156,nan
2812.4507329688286,176.28094482421875,nan
2812.457677300942,176.3999786376953,nan
2812.4646216330557,176.20266723632812,nan
2812.471565964936,176.2819366455078,nan
2812.47851029705,176.32272338867188,nan
2812.48545462893,176.51524353027344,nan
2812.4923989610425,175.69944763183594,nan
2812.499343292923,176.19970703125,nan
2812.506287624804,176.09500122070312,nan
2812.5132319566846,176.4644012451172,nan
2812.520176288565,175.69229125976562,nan
2812.527120620446,176.12850952148438,nan
2812.534064952326,176.37210083007812,nan
2812.541009283973,176.45237731933594,nan
2812.5479536158537,176.53419494628906,nan
2812.5548979475016,177.01516723632812,nan
2812.561842279149,176.2137908935547,nan
2812.56878661103,176.3904571533203,nan
2812.575730942678,176.15994262695312,nan
2812.5826752743255,176.10545349121094,nan
2812.589619605973,176.72216796875,nan
2812.596563937388,176.12196350097656,nan
2812.603508269036,176.04136657714844,nan
2812.610452600684,176.60902404785156,nan
2812.617396932099,176.23626708984375,nan
2812.624341263746,175.6019744873047,nan
2812.63128559516,176.42965698242188,nan
2812.638229926575,176.81442260742188,nan
2812.64517425799,175.5828857421875,nan
2812.6521185894053,176.4737548828125,nan
2812.6590629208213,175.53521728515625,nan
2812.666007252235,176.0157928466797,nan
2812.6729515836487,175.74652099609375,nan
2812.679895914831,176.5255889892578,nan
2812.686840246246,176.34913635253906,nan
2812.693784577661,176.4196319580078,nan
2812.7007289088433,176.10986328125,nan
2812.7076732400255,176.69534301757812,nan
2812.714617571207,176.00881958007812,nan
2812.721561902621,176.4444122314453,nan
2812.7285062338033,176.56216430664062,nan
2812.7354505649864,176.65798950195312,nan
2812.7423948959367,176.4510040283203,nan
2812.7493392271185,176.8551025390625,nan
2812.7562835583003,176.969482421875,nan
2812.7632278894816,177.54673767089844,nan
2812.770172220431,177.40745544433594,nan
2812.7771165516133,176.42108154296875,nan
2812.7840608825627,177.2822723388672,nan
2812.791005213511,177.32652282714844,nan
2812.797949544461,177.9049835205078,nan
2812.804893875643,177.34207153320312,nan
2812.811838206591,177.7401580810547,nan
2812.8187825375408,178.0037078857422,nan
2812.825726868257,177.90826416015625,nan
2812.8326711992067,177.4296417236328,nan
2812.8396155301552,178.0790557861328,nan
2812.846559861105,177.98402404785156,nan
2812.8535041918212,178.30189514160156,nan
2812.8604485227697,177.60447692871094,nan
2812.8673928534863,178.15599060058594,nan
2812.8743371842024,177.99208068847656,nan
2812.8812815151523,178.6148223876953,nan
2812.888225845868,178.96295166015625,nan
2812.8951701765855,177.6718292236328,nan
2812.902114507302,178.4221649169922,nan
2812.9090588380177,178.84083557128906,nan
2812.9160031687343,178.12501525878906,nan
2812.922947499451,178.82618713378906,nan
2812.9298918299346,178.6105499267578,nan
2812.936836160651,178.5328369140625,nan
2812.9437804913678,178.2908477783203,nan
2812.9507248218506,178.6831817626953,nan
2812.9576691525663,178.317626953125,nan
2812.96461348305,178.465576171875,nan
2812.9715578135338,178.23023986816406,nan
2812.978502144017,178.14682006835938,nan
2812.985446474734,178.72784423828125,nan
2812.992390805218,178.19642639160156,nan
2812.9993351357007,178.5820770263672,nan
2813.0062794661835,178.9316864013672,nan
2813.0132237966673,178.34449768066406,nan
2813.020168126918,179.24295043945312,nan
2813.027112457402,179.44810485839844,nan
2813.0340567878857,179.25575256347656,nan
2813.0410011181357,178.5960235595703,nan
2813.0479454486185,179.45382690429688,nan
2813.054889778869,178.9093780517578,nan
2813.0618341093536,179.79443359375,nan
2813.068778439605,179.6121826171875,nan
2813.075722769856,179.43634033203125,nan
2813.082667100107,179.48365783691406,nan
2813.0896114305897,179.94105529785156,nan
2813.0965557608397,179.28607177734375,nan
2813.103500091091,179.5042724609375,nan
2813.110444421342,179.93214416503906,nan
2813.11738875136,179.2522430419922,nan
2813.124333081611,179.89634704589844,nan
2813.1312774118614,179.76010131835938,nan
2813.1382217421115,179.6468963623047,nan
2813.145166072129,179.60499572753906,nan
2813.15211040238,180.2601776123047,nan
2813.159054732398,179.7401885986328,nan
2813.165999062649,179.57838439941406,nan
2813.1729433926666,180.4103240966797,nan
2813.1798877226847,179.333740234375,nan
2813.186832052702,179.60580444335938,nan
2813.193776382952,179.59576416015625,nan
2813.20072071297,180.27572631835938,nan
2813.207665042988,179.99517822265625,nan
2813.214609373006,180.51852416992188,nan
2813.2215537030243,179.90512084960938,nan
2813.228498032811,180.27293395996094,nan
2813.235442362829,180.07444763183594,nan
2813.2423866928457,179.56825256347656,nan
2813.249331022631,179.67462158203125,nan
2813.256275352649,179.7254180908203,nan
2813.263219682666,180.22488403320312,nan
2813.270164012452,180.19012451171875,nan
2813.2771083422367,179.0349884033203,nan
2813.284052672255,180.04869079589844,nan
2813.290997002039,179.72930908203125,nan
2813.297941331824,180.23484802246094,nan
2813.3048856616097,179.8766632080078,nan
2813.311829991627,180.42967224121094,nan
2813.3187743214125,180.2955322265625,nan
2813.3257186511973,181.03305053710938,nan
2813.332662980983,180.2393798828125,nan
2813.3396073105346,180.446044921875,nan
2813.346551640319,180.4884796142578,nan
2813.3534959701037,180.25576782226562,nan
2813.360440299889,180.71270751953125,nan
2813.3673846294423,180.92324829101562,nan
2813.374328959227,179.95703125,nan
2813.381273288779,180.2816619873047,nan
2813.3882176185643,180.6110076904297,nan
2813.3951619481168,180.98165893554688,nan
2813.402106277669,180.3883514404297,nan
2813.409050607454,180.24546813964844,nan
2813.415994937007,180.96942138671875,nan
2813.4229392665593,180.86471557617188,nan
2813.4298835961117,180.79771423339844,nan
2813.4368279256632,181.03912353515625,nan
2813.4437722552148,180.85897827148438,nan
2813.450716584767,180.94725036621094,nan
2813.4576609143196,181.06703186035156,nan
2813.464605243872,180.84420776367188,nan
2813.471549573424,180.64857482910156,nan
2813.478493902743,181.3938751220703,nan
2813.485438232296,181.33822631835938,nan
2813.4923825618475,181.15325927734375,nan
2813.4993268911667,181.5304412841797,nan
2813.506271220719,182.07867431640625,nan
2813.5132155500387,182.43199157714844,nan
2813.5201598793583,181.75054931640625,nan
2813.52710420891,182.01194763183594,nan
2813.5340485382303,182.3751983642578,nan
2813.5409928675485,181.8667449951172,nan
2813.5479371968686,182.4454803466797,nan
2813.554881526188,182.780029296875,nan
2813.561825855508,182.5518035888672,nan
2813.568770184827,183.03207397460938,nan
2813.575714514147,182.8135223388672,nan
2813.5826588434666,182.29222106933594,nan
2813.589603172786,182.34320068359375,nan
2813.596547502105,182.76979064941406,nan
2813.6034918311907,182.8660125732422,nan
2813.6104361605103,183.18356323242188,nan
2813.61738048983,183.07789611816406,nan
2813.6243248189166,183.00942993164062,nan
2813.6312691482362,183.7127227783203,nan
2813.638213477323,183.6319580078125,nan
2813.645157806409,182.59095764160156,nan
2813.6521021357275,183.57302856445312,nan
2813.6590464648143,183.116455078125,nan
2813.665990793901,183.14569091796875,nan
2813.672935122988,182.7309112548828,nan
2813.6798794520746,182.94869995117188,nan
2813.686823781161,183.4454803466797,nan
2813.693768110247,183.09146118164062,nan
2813.7007124393335,183.29864501953125,nan
2813.70765676842,183.0577850341797,nan
2813.7146010975075,183.14210510253906,nan
2813.7215454265943,183.17526245117188,nan
2813.728489755448,182.79254150390625,nan
2813.735434084535,183.3252410888672,nan
2813.7423784136217,183.64112854003906,nan
2813.7493227424757,183.4011993408203,nan
2813.7562670715615,183.31930541992188,nan
2813.763211400415,183.6887664794922,nan
2813.7701557295013,183.7780303955078,nan
2813.7771000583552,183.76914978027344,nan
2813.784044387209,183.4425506591797,nan
2813.790988716063,184.08798217773438,nan
2813.79793304515,183.8694305419922,nan
2813.804877374003,183.8748016357422,nan
2813.811821702856,183.88662719726562,nan
2813.81876603171,184.2716064453125,nan
2813.825710360564,184.4700469970703,nan
2813.8326546894177,184.5182647705078,nan
2813.839599018039,184.52938842773438,nan
2813.8465433468928,184.6747589111328,nan
2813.8534876757467,184.18226623535156,nan
2813.860432004599,184.61534118652344,nan
2813.86737633322,184.99893188476562,nan
2813.8743206620748,184.3614501953125,nan
2813.881264990696,185.25479125976562,nan
2813.88820931955,184.4631805419922,nan
2813.895153648171,184.38314819335938,nan
2813.902097977025,184.0032196044922,nan
2813.909042305646,184.58497619628906,nan
2813.915986634266,183.92636108398438,nan
2813.922930963119,184.3705596923828,nan
2813.9298752917402,184.1372528076172,nan
2813.9368196203613,184.5032958984375,nan
2813.9437639489825,183.4866943359375,nan
2813.9507082776036,184.0940704345703,nan
2813.9576526062247,184.0089874267578,nan
2813.9645969348458,184.62887573242188,nan
2813.971541263466,184.04843139648438,nan
2813.9784855918533,183.3448028564453,nan
2813.9854299204744,183.65907287597656,nan
2813.992374249095,183.42178344726562,nan
2813.999318577484,183.8046112060547,nan
2814.006262906105,184.2801513671875,nan
2814.013207234726,185.00335693359375,nan
2814.0201515631143,184.79849243164062,nan
2814.027095891734,184.09449768066406,nan
2814.0340402201227,185.32131958007812,nan
2814.040984548511,185.4857635498047,nan
2814.0479288768993,185.36053466796875,nan
2814.0548732055213,185.29945373535156,nan
2814.061817533909,185.51666259765625,nan
2814.068761862297,185.4638671875,nan
2814.075706190685,186.31312561035156,nan
2814.0826505190726,185.82461547851562,nan
2814.08959484746,186.40499877929688,nan
2814.096539175848,186.1777801513672,nan
2814.103483504237,186.36019897460938,nan
2814.1104278326247,186.4299774169922,nan
2814.11737216078,186.31533813476562,nan
2814.124316489168,186.84765625,nan
2814.1312608175567,186.61770629882812,nan
2814.1382051457113,185.90057373046875,nan
2814.145149474099,185.76368713378906,nan
2814.152093802254,185.81732177734375,nan
2814.159038130642,185.02894592285156,nan
2814.1659824587978,185.5574493408203,nan
2814.172926786953,185.5968475341797,nan
2814.179871115341,186.2729949951172,nan
2814.186815443497,185.6737823486328,nan
2814.193759771651,185.52621459960938,nan
2814.2007040998064,185.05979919433594,nan
2814.2076484279623,186.01377868652344,nan
2814.214592756118,185.36859130859375,nan
2814.221537084273,185.33413696289062,nan
2814.2284814170853,185.45260620117188,nan
2814.2354257452407,185.67127990722656,nan
2814.242370073396,185.41397094726562,nan
2814.2493144013188,184.8242645263672,nan
2814.2562587294733,184.7461700439453,nan
2814.263203057628,184.9619140625,nan
2814.270147385551,183.85939025878906,nan
2814.277091713706,184.23545837402344,nan
2814.2840360416285,184.75990295410156,nan
2814.290980369784,184.3975067138672,nan
2814.2979246977065,184.0789031982422,nan
2814.304869025629,184.1748809814453,nan
2814.3118133537837,184.8695068359375,nan
2814.3187576817063,184.88607788085938,nan
2814.325702009628,185.07638549804688,nan
2814.3326463375506,185.08108520507812,nan
2814.339590665473,184.66140747070312,nan
2814.346534993396,184.34542846679688,nan
2814.353479321318,184.42237854003906,nan
2814.3604236492415,184.82508850097656,nan
2814.3673679771646,184.682861328125,nan
2814.3743123050863,185.24375915527344,nan
2814.381256633008,185.06027221679688,nan
2814.3882009606978,185.38894653320312,nan
2814.3951452886213,185.04644775390625,nan
2814.402089616543,185.52041625976562,nan
2814.4090339442328,185.7445526123047,nan
2814.415978272155,185.60865783691406,nan
2814.422922599845,185.50885009765625,nan
2814.429866927767,185.9299774169922,nan
2814.4368112554557,186.1991729736328,nan
2814.443755583146,185.94223022460938,nan
2814.4506999108353,185.92567443847656,nan
2814.457644238758,186.40863037109375,nan
2814.4645885664477,186.29026794433594,nan
2814.471532894137,186.2808380126953,nan
2814.4784772218272,185.86105346679688,nan
2814.485421549517,186.78724670410156,nan
2814.492365877206,186.2393341064453,nan
2814.4993102048948,186.64207458496094,nan
2814.506254532584,186.2183074951172,nan
2814.513198860041,187.2998504638672,nan
2814.5201431877313,187.45225524902344,nan
2814.5270875154215,187.88780212402344,nan
2814.534031842879,188.113525390625,nan
2814.5409761705687,188.3147735595703,nan
2814.5479204980256,187.45855712890625,nan
2814.5548648257145,187.275146484375,nan
2814.561809153171,188.7527618408203,nan
2814.5687534808603,188.26466369628906,nan
2814.5756978083173,188.06280517578125,nan
2814.582642135774,189.04849243164062,nan
2814.589586463231,189.60072326660156,nan
2814.596530790688,189.13905334472656,nan
2814.603475118145,188.84950256347656,nan
2814.610419445601,189.5879364013672,nan
2814.617363773057,188.75399780273438,nan
2814.6243081005146,188.65673828125,nan
2814.631252427971,188.79095458984375,nan
2814.638196755428,188.64462280273438,nan
2814.645141082885,187.80357360839844,nan
2814.652085410342,188.5229034423828,nan
2814.659029737566,188.058837890625,nan
2814.6659740650225,187.94961547851562,nan
2814.672918392246,188.5018310546875,nan
2814.679862719702,188.845703125,nan
2814.6868070469263,188.1290283203125,nan
2814.693751374384,187.20960998535156,nan
2814.7006957016083,187.79209899902344,nan
2814.7076400288324,187.59786987304688,nan
2814.714584356289,186.81576538085938,nan
2814.721528683513,187.25064086914062,nan
2814.7284730107376,187.52682495117188,nan
2814.735417337961,187.55455017089844,nan
2814.742361665184,187.04800415039062,nan
2814.749305992408,187.7518768310547,nan
2814.7562503196323,187.378662109375,nan
2814.763194646856,187.47671508789062,nan
2814.77013897408,187.81300354003906,nan
2814.777083301072,187.96080017089844,nan
2814.784027628296,188.47006225585938,nan
2814.79097195552,188.2505645751953,nan
2814.79791628251,188.48585510253906,nan
2814.8048606097336,189.05601501464844,nan
2814.811804936725,189.35862731933594,nan
2814.818749263949,189.75965881347656,nan
2814.82569359094,190.02609252929688,nan
2814.832637918164,190.109619140625,nan
2814.8395822451557,190.60789489746094,nan
2814.8465265721466,190.0393524169922,nan
2814.8534708991383,190.25611877441406,nan
2814.86041522613,190.84007263183594,nan
2814.8673595533537,190.71432495117188,nan
2814.8743038803445,190.34262084960938,nan
2814.8812482073354,190.41941833496094,nan
2814.888192534094,189.5013427734375,nan
2814.895136861085,190.16436767578125,nan
2814.902081188076,190.18801879882812,nan
2814.9090255150677,189.96072387695312,nan
2814.915969842059,189.41453552246094,nan
2814.922914168817,189.5176544189453,nan
2814.929858495808,189.47483825683594,nan
2814.936802822565,188.85572814941406,nan
2814.9437471495567,189.01947021484375,nan
2814.950691476315,188.6720428466797,nan
2814.957635803306,188.53286743164062,nan
2814.964580130065,188.60922241210938,nan
2814.9715244568233,188.12396240234375,nan
2814.9784687838137,187.88958740234375,nan
2814.985413110572,188.0704803466797,nan
2814.992357437331,188.40945434570312,nan
2814.999301764088,188.26976013183594,nan
2815.0062460908466,188.3049774169922,nan
2815.0131904176055,189.02076721191406,nan
2815.020134744364,188.76596069335938,nan
2815.027079071123,188.68214416503906,nan
2815.034023397648,188.2030487060547,nan
2815.040967724407,189.1782989501953,nan
2815.047912051165,189.33038330078125,nan
2815.05485637769,189.806396484375,nan
2815.0618007044477,189.63815307617188,nan
2815.068745031206,190.07940673828125,nan
2815.075689357732,189.87464904785156,nan
2815.082633684257,190.6328887939453,nan
2815.089578011016,190.450439453125,nan
2815.096522337541,190.6631622314453,nan
2815.103466664066,190.3131561279297,nan
2815.110410990825,190.1237335205078,nan
2815.1173553173503,191.6473388671875,nan
2815.124299643876,191.5667266845703,nan
2815.1312439704006,190.18995666503906,nan
2815.1381882969263,190.25430297851562,nan
2815.145132623451,190.5929412841797,nan
2815.152076949977,191.2699737548828,nan
2815.15902127627,190.6494903564453,nan
2815.165965602795,190.8856201171875,nan
2815.1729099293216,190.7733612060547,nan
2815.179854255847,190.23695373535156,nan
2815.18679858214,190.4163360595703,nan
2815.193742908666,189.9590301513672,nan
2815.200687234958,189.80703735351562,nan
2815.207631561483,190.52919006347656,nan
2815.214575887776,189.7166748046875,nan
2815.2215202140687,189.24334716796875,nan
2815.228464540594,189.40386962890625,nan
2815.2354088668862,189.36614990234375,nan
2815.242353193179,189.13865661621094,nan
2815.249297519472,188.9935302734375,nan
2815.256241845765,188.45265197753906,nan
2815.263186172058,187.67044067382812,nan
2815.27013049835,188.10804748535156,nan
2815.277074824641,188.23475646972656,nan
2815.284019150934,187.84095764160156,nan
2815.290963477227,187.74436950683594,nan
2815.29790780352,187.55482482910156,nan
2815.30485212958,187.2000274658203,nan
2815.3117964558724,187.2806396484375,nan
2815.318740782165,187.16014099121094,nan
2815.325685108225,187.67840576171875,nan
2815.332629434518,187.29425048828125,nan
2815.339573760578,187.83963012695312,nan
2815.346518086638,186.64434814453125,nan
2815.3534624129306,186.91160583496094,nan
2815.3604067389897,188.0096893310547,nan
2815.36735106505,187.89161682128906,nan
2815.37429539111,187.74642944335938,nan
2815.38123971717,188.5476837158203,nan
2815.38818404323,187.88050842285156,nan
2815.3951283692895,188.1710968017578,nan
2815.402072695349,188.75888061523438,nan
2815.4090170214085,188.73138427734375,nan
2815.415961347468,188.25404357910156,nan
2815.422905673528,189.10482788085938,nan
2815.4298499993547,189.20396423339844,nan
2815.4367943254147,189.509033203125,nan
2815.4437386514746,189.24600219726562,nan
2815.4506829773018,190.1501007080078,nan
2815.4576273033617,189.79388427734375,nan
2815.464571629189,190.50819396972656,nan
2815.471515955016,190.65577697753906,nan
2815.4784602810755,190.5799102783203,nan
2815.485404606902,190.6085662841797,nan
2815.492348932728,191.6281280517578,nan
2815.4992932585565,191.44354248046875,nan
2815.506237584617,191.32025146484375,nan
2815.513181910444,191.30238342285156,nan
2815.5201262362707,191.89630126953125,nan
2815.527070562098,192.20582580566406,nan
2815.534014887692,191.59751892089844,nan
2815.5409592135193,192.34437561035156,nan
2815.547903539346,191.50711059570312,nan
2815.5548478651726,192.40089416503906,nan
2815.561792190766,191.94229125976562,nan
2815.568736516593,193.3946990966797,nan
2815.5756808424203,192.65260314941406,nan
2815.5826251680146,193.2109832763672,nan
2815.5895694938417,193.3521270751953,nan
2815.596513819436,193.08399963378906,nan
2815.60345814503,193.3455810546875,nan
2815.610402470857,193.76341247558594,nan
2815.617346796451,192.8509979248047,nan
2815.624291122045,193.63819885253906,nan
2815.631235447639,193.5369873046875,nan
2815.638179773233,193.12716674804688,nan
2815.645124098827,193.17982482910156,nan
2815.652068424421,193.15374755859375,nan
2815.659012750015,193.41806030273438,nan
2815.6659570756105,193.53018188476562,nan
2815.6729014012053,193.49423217773438,nan
2815.679845726567,193.63436889648438,nan
2815.686790052161,193.59999084472656,nan
2815.693734377755,193.9426727294922,nan
2815.7006787031164,193.02117919921875,nan
2815.7076230287103,193.84503173828125,nan
2815.714567354071,193.03604125976562,nan
2815.7215116794323,193.7737274169922,nan
2815.7284560050266,192.83094787597656,nan
2815.735400330388,193.6327362060547,nan
2815.7423446557495,194.1435546875,nan
2815.749288981343,193.51734924316406,nan
2815.756233306705,193.646484375,nan
2815.763177632066,194.1396942138672,nan
2815.7701219574283,193.78834533691406,nan
2815.777066282789,194.2116241455078,nan
2815.7840106081503,194.61471557617188,nan
2815.7909549332776,194.537109375,nan
2815.797899258639,194.77029418945312,nan
2815.804843584,194.06442260742188,nan
2815.811787909362,194.98573303222656,nan
2815.81873223449,195.29122924804688,nan
2815.8256765598526,195.5315399169922,nan
2815.832620884981,196.143310546875,nan
2815.8395652103427,195.71739196777344,nan
2815.8465095354713,196.92820739746094,nan
2815.8534538606,196.3946075439453,nan
2815.860398185962,196.59567260742188,nan
2815.867342511089,196.67489624023438,nan
2815.874286836217,196.39048767089844,nan
2815.881231161346,196.6836395263672,nan
2815.888175486474,196.08432006835938,nan
2815.895119811603,196.4027557373047,nan
2815.902064136732,195.6969757080078,nan
2815.90900846186,195.93368530273438,nan
2815.915952786989,195.33941650390625,nan
2815.922897112117,194.93994140625,nan
2815.929841437246,194.77410888671875,nan
2815.936785762142,194.3766632080078,nan
2815.9437300872696,194.4775848388672,nan
2815.9506744121645,193.2645263671875,nan
2815.957618737293,193.1327667236328,nan
2815.964563062189,193.1682891845703,nan
2815.9715073873176,193.35597229003906,nan
2815.978451712213,192.366455078125,nan
2815.9853960371092,192.4778289794922,nan
2815.9923403622383,192.8816680908203,nan
2815.9992846871346,192.37347412109375,nan
2816.00622901203,192.78001403808594,nan
2816.0131733369262,193.10386657714844,nan
2816.020117661822,192.87225341796875,nan
2816.027061986717,193.44290161132812,nan
2816.034006311612,192.68447875976562,nan
2816.0409506365077,193.49264526367188,nan
2816.0478949611706,193.46102905273438,nan
2816.054839286066,192.89141845703125,nan
2816.0617836109623,193.47393798828125,nan
2816.0687279356252,193.5487823486328,nan
2816.075672260521,194.32260131835938,nan
2816.0826165851836,193.9681854248047,nan
2816.089560910079,194.31068420410156,nan
2816.096505234742,194.89981079101562,nan
2816.1034495596377,194.61253356933594,nan
2816.1103938843,195.259521484375,nan
2816.117338208963,194.65386962890625,nan
2816.124282533626,195.54315185546875,nan
2816.131226858288,194.4145050048828,nan
2816.138171182951,195.84617614746094,nan
2816.145115507614,195.7841796875,nan
2816.1520598322777,195.279052734375,nan
2816.1590041569416,195.7978515625,nan
2816.1659484816046,195.0740203857422,nan
2816.1728928062676,194.66001892089844,nan
2816.17983713093,193.78414916992188,nan
2816.18678145536,194.255859375,nan
2816.1937257800228,194.0433349609375,nan
2816.2006701044525,194.2476806640625,nan
2816.207614429115,194.18028259277344,nan
2816.214558753544,192.8213653564453,nan
2816.221503078207,193.64706420898438,nan
2816.2284474026374,193.40472412109375,nan
2816.235391727068,192.80322265625,nan
2816.242336051731,192.91517639160156,nan
2816.249280376161,191.68397521972656,nan
2816.256224700591,191.9713592529297,nan
2816.263169025021,191.820068359375,nan
2816.270113349451,191.5308380126953,nan
2816.2770576738812,191.55796813964844,nan
2816.2840019983105,191.83480834960938,nan
2816.290946322507,190.9326171875,nan
2816.297890646937,191.80108642578125,nan
2816.304834971367,190.47445678710938,nan
2816.311779295797,190.91175842285156,nan
2816.3187236199956,190.82171630859375,nan
2816.3256679444257,190.30149841308594,nan
2816.332612268623,190.50636291503906,nan
2816.339556593053,190.65357971191406,nan
2816.34650091725,190.92633056640625,nan
2816.353445241448,191.3930206298828,nan
2816.360389565878,191.05462646484375,nan
2816.3673338900753,190.8878936767578,nan
2816.3742782142717,191.636474609375,nan
2816.3812225384686,190.8086395263672,nan
2816.388166862665,191.5272979736328,nan
2816.395111186863,191.83291625976562,nan
2816.40205551106,191.87855529785156,nan
2816.408999835257,191.94888305664062,nan
2816.4159441594547,191.8754119873047,nan
2816.4228884834192,191.96324157714844,nan
2816.4298328076165,191.91343688964844,nan
2816.436777131813,192.1714630126953,nan
2816.443721455778,192.2844696044922,nan
2816.4506657799748,192.45620727539062,nan
2816.4576101039393,192.35873413085938,nan
2816.464554428137,192.96612548828125,nan
2816.4714987521,193.87435913085938,nan
2816.4784430760647,194.0543670654297,nan
2816.485387400263,194.25315856933594,nan
2816.492331724227,194.08689880371094,nan
2816.499276048192,194.70156860351562,nan
2816.506220372156,194.83343505859375,nan
2816.513164696121,194.80624389648438,nan
2816.520109020085,195.97276306152344,nan
2816.527053344049,195.3146209716797,nan
2816.5339976680143,197.14703369140625,nan
2816.540941991745,196.7361602783203,nan
2816.54788631571,196.90679931640625,nan
2816.554830639674,197.24888610839844,nan
2816.5617749636376,197.0843048095703,nan
2816.5687192873693,197.88438415527344,nan
2816.575663611333,198.10958862304688,nan
2816.582607935065,198.06600952148438,nan
2816.589552258796,198.41224670410156,nan
2816.5964965827607,198.89463806152344,nan
2816.603440906492,198.75648498535156,nan
2816.610385230224,198.46121215820312,nan
2816.617329554188,199.11988830566406,nan
2816.62427387792,199.12344360351562,nan
2816.631218201652,199.75572204589844,nan
2816.6381625253834,199.65188598632812,nan
2816.645106849116,199.5314178466797,nan
2816.6520511728477,199.35012817382812,nan
2816.6589954963456,199.21847534179688,nan
2816.6659398200763,199.04347229003906,nan
2816.672884143808,199.43064880371094,nan
2816.67982846754,198.8879852294922,nan
2816.6867727910385,199.3996124267578,nan
2816.69371711477,199.46432495117188,nan
2816.700661438269,198.9558868408203,nan
2816.7076057620006,199.15797424316406,nan
2816.714550085499,198.73147583007812,nan
2816.7214944089983,198.83670043945312,nan
2816.7284387327295,198.74839782714844,nan
2816.735383056228,198.64439392089844,nan
2816.7423273797267,198.3068084716797,nan
2816.749271703226,199.22793579101562,nan
2816.7562160267253,198.66925048828125,nan
2816.763160350223,198.6243896484375,nan
2816.77010467372,199.01341247558594,nan
2816.777048997219,198.9883270263672,nan
2816.783993320718,198.90982055664062,nan
2816.7909376442167,199.16200256347656,nan
2816.797881967483,199.2124481201172,nan
2816.8048262909824,200.09539794921875,nan
2816.811770614482,199.54925537109375,nan
2816.8187149377472,200.0625,nan
2816.825659261246,200.40298461914062,nan
2816.832603584512,200.6178436279297,nan
2816.839547907778,201.1898956298828,nan
2816.846492231277,201.22457885742188,nan
2816.853436554543,201.4549560546875,nan
2816.860380877809,200.99560546875,nan
2816.867325201074,201.60899353027344,nan
2816.874269524572,202.05357360839844,nan
2816.881213847838,201.30963134765625,nan
2816.888158171104,202.09722900390625,nan
2816.895102494137,200.616455078125,nan
2816.902046817403,201.06893920898438,nan
2816.908991140669,200.49156188964844,nan
2816.915935463935,199.95957946777344,nan
2816.922879787201,200.078857421875,nan
2816.929824110234,199.7422332763672,nan
2816.9367684335,199.30532836914062,nan
2816.943712756533,198.44577026367188,nan
2816.950657079799,198.80845642089844,nan
2816.957601402832,198.7659454345703,nan
2816.9645457260985,197.0847625732422,nan
2816.9714900491317,197.5101318359375,nan
2816.978434372164,196.8751678466797,nan
2816.985378695197,196.7340850830078,nan
2816.992323018463,196.63076782226562,nan
2816.9992673414963,196.76583862304688,nan
2817.006211664529,196.3797149658203,nan
2817.0131559875626,196.20558166503906,nan
2817.020100310596,197.21112060546875,nan
2817.027044633396,196.84671020507812,nan
2817.0339889564293,196.1417694091797,nan
2817.040933279462,196.76129150390625,nan
2817.0478776024947,196.6874542236328,nan
2817.054821925295,196.45240783691406,nan
2817.0617662483282,196.8604278564453,nan
2817.0687105713623,197.40528869628906,nan
2817.0756548941617,197.4561309814453,nan
2817.082599216961,198.50318908691406,nan
2817.089543539994,198.4932861328125,nan
2817.0964878627938,198.9408721923828,nan
2817.1034321855946,199.04623413085938,nan
2817.1103765086273,199.93829345703125,nan
2817.1173208314276,199.20773315429688,nan
2817.124265154228,199.9717254638672,nan
2817.1312094770283,200.55010986328125,nan
2817.13815379983,200.19314575195312,nan
2817.14509812263,200.4120330810547,nan
2817.15204244543,200.3568878173828,nan
2817.1589867679977,200.84617614746094,nan
2817.165931090798,199.8557891845703,nan
2817.172875413598,199.7437744140625,nan
2817.179819736166,199.80697631835938,nan
2817.186764058966,200.19419860839844,nan
2817.1937083817666,199.6566925048828,nan
2817.200652704333,199.15322875976562,nan
2817.2075970268997,198.53414916992188,nan
2817.2145413497,198.69473266601562,nan
2817.2214856722676,197.98814392089844,nan
2817.228429994835,198.59593200683594,nan
2817.235374317635,197.52308654785156,nan
2817.242318640203,197.68016052246094,nan
2817.24926296277,196.7141571044922,nan
2817.256207285337,195.9994659423828,nan
2817.263151607905,196.262939453125,nan
2817.270095930472,195.83580017089844,nan
2817.2770402528067,195.713623046875,nan
2817.2839845753742,195.3838653564453,nan
2817.2909288979426,194.91319274902344,nan
2817.29787322051,195.0835723876953,nan
2817.304817542845,194.66281127929688,nan
2817.3117618654123,194.5222625732422,nan
2817.3187061877466,194.0028533935547,nan
2817.3256505103136,193.6959991455078,nan
2817.3325948326483,194.35533142089844,nan
2817.339539155215,193.57278442382812,nan
2817.34648347755,193.92919921875,nan
2817.3534277998842,194.0856475830078,nan
2817.360372122219,194.2647247314453,nan
2817.367316444787,194.1456298828125,nan
2817.3742607671215,193.8561553955078,nan
2817.3812050894558,194.21490478515625,nan
2817.38814941179,193.55764770507812,nan
2817.395093734125,194.6913299560547,nan
2817.40203805646,194.1060791015625,nan
2817.4089823785616,194.23513793945312,nan
2817.4159267008963,194.57952880859375,nan
2817.4228710232305,195.10647583007812,nan
2817.429815345332,195.36265563964844,nan
2817.436759667667,195.36395263671875,nan
2817.4437039900013,196.1417999267578,nan
2817.450648312102,196.39846801757812,nan
2817.4575926342045,195.99697875976562,nan
2817.4645369565396,196.5275421142578,nan
2817.471481278641,196.32261657714844,nan
2817.478425600743,197.0834197998047,nan
2817.485369923078,197.45968627929688,nan
2817.49231424518,198.41940307617188,nan
2817.4992585672817,198.05184936523438,nan
2817.506202889383,198.91368103027344,nan
2817.513147211485,199.75704956054688,nan
2817.5200915335863,199.7679443359375,nan
2817.527035855688,200.77919006347656,nan
2817.533980177557,201.58099365234375,nan
2817.540924499659,200.76229858398438,nan
2817.5756461124956,203.61883544921875,nan
2817.5825904343637,203.90335083007812,nan
2817.589534756466,204.72122192382812,nan
2817.5964790783346,205.50894165039062,nan
2817.6034234002036,204.93978881835938,nan
2817.610367722305,205.17347717285156,nan
2817.617312044175,205.42062377929688,nan
2817.6242563660453,205.58489990234375,nan
2817.6312006879143,205.63731384277344,nan
2817.6381450097824,206.41067504882812,nan
2817.645089331651,205.61524963378906,nan
2817.65203365352,205.99856567382812,nan
2817.658977975389,205.50904846191406,nan
2817.6659222970256,206.2767791748047,nan
2817.6728666188947,206.1327362060547,nan
2817.6798109407637,205.4710693359375,nan
2817.686755262632,205.63729858398438,nan
2817.693699584268,205.48330688476562,nan
2817.700643906137,206.10980224609375,nan
2817.707588227773,205.36509704589844,nan
2817.7145325494093,204.5594024658203,nan
2817.721476871277,205.23736572265625,nan
2817.7284211929127,204.62774658203125,nan
2817.735365514549,205.32974243164062,nan
2817.742309836418,204.92803955078125,nan
2817.7492541580546,204.60665893554688,nan
2817.7561984796903,204.34414672851562,nan
2817.763142801327,204.73744201660156,nan
2817.7700871229627,204.83432006835938,nan
2817.7770314445997,203.76588439941406,nan
2817.7839757660036,205.06503295898438,nan
2817.7909200876393,205.38221740722656,nan
2817.797864409276,205.15252685546875,nan
2817.804808730912,205.2073516845703,nan
2817.811753052315,205.94168090820312,nan
2817.818697373951,205.0439453125,nan
2817.825641695587,205.74392700195312,nan
2817.8325860169907,206.5211181640625,nan
2817.839530338394,206.23406982421875,nan
2817.8464746600303,206.91354370117188,nan
2817.8534189814336,206.9303741455078,nan
2817.860363302836,207.18072509765625,nan
2817.8673076244722,207.18150329589844,nan
2817.8742519458747,207.2946319580078,nan
2817.881196267278,207.55088806152344,nan
2817.888140588681,207.0050506591797,nan
2817.8950849100847,206.48748779296875,nan
2817.902029231487,206.8018035888672,nan
2817.908973552891,207.37193298339844,nan
2817.915917874294,206.21286010742188,nan
2817.9228621954653,206.05630493164062,nan
2817.9298065168678,205.2377471923828,nan
2817.9367508382716,205.15457153320312,nan
2817.9436951596754,205.1682891845703,nan
2817.950639480846,204.42367553710938,nan
2817.9575838022492,203.4396209716797,nan
2817.9645281234198,203.84495544433594,nan
2817.9714724445903,203.28073120117188,nan
2817.978416765994,203.27516174316406,nan
2817.985361087164,203.27896118164062,nan
2817.9923054083347,202.30892944335938,nan
2817.999249729738,202.37423706054688,nan
2818.0061940509086,202.27394104003906,nan
2818.013138372079,202.4730224609375,nan
2818.0200826932496,201.9256134033203,nan
2818.027027014419,202.3396759033203,nan
2818.033971335589,202.72509765625,nan
2818.040915656759,202.90725708007812,nan
2818.04785997793,203.5394744873047,nan
2818.0548042988676,203.0989227294922,nan
2818.061748620038,203.5341339111328,nan
2818.0686929412086,203.8103485107422,nan
2818.0756372621463,204.11598205566406,nan
2818.082581583316,204.4060516357422,nan
2818.089525904254,204.75083923339844,nan
2818.0964702254246,205.2004852294922,nan
2818.1034145463627,205.11529541015625,nan
2818.110358867534,205.92941284179688,nan
2818.117303188472,205.59039306640625,nan
2818.124247509409,206.49652099609375,nan
2818.1311918303463,205.89044189453125,nan
2818.138136151517,207.13018798828125,nan
2818.145080472455,206.60623168945312,nan
2818.1520247933922,206.4098663330078,nan
2818.15896911433,207.61231994628906,nan
2818.1659134352676,207.18067932128906,nan
2818.1728577562053,207.6090850830078,nan
2818.17980207691,207.0175323486328,nan
2818.186746397848,206.3791046142578,nan
2818.1936907187855,206.30526733398438,nan
2818.2006350397223,206.25982666015625,nan
2818.207579360427,206.4775848388672,nan
2818.214523681364,206.38592529296875,nan
2818.221468002069,205.54786682128906,nan
2818.228412323006,205.03334045410156,nan
2818.235356643711,204.79046630859375,nan
2818.242300964648,204.14453125,nan
2818.249245285353,203.7880096435547,nan
2818.256189606058,203.62730407714844,nan
2818.2631339267627,202.81915283203125,nan
2818.2700782477013,202.89830017089844,nan
2818.277022568407,202.9872589111328,nan
2818.283966889112,201.84405517578125,nan
2818.290911209817,201.45245361328125,nan
2818.297855530521,201.5922088623047,nan
2818.304799851226,201.3103790283203,nan
2818.311744171931,200.7039031982422,nan
2818.318688492403,200.83917236328125,nan
2818.3256328131083,200.03652954101562,nan
2818.3325771338123,199.50286865234375,nan
2818.3395214542843,199.30392456054688,nan
2818.346465774989,198.82943725585938,nan
2818.353410095694,199.05825805664062,nan
2818.360354416166,198.93894958496094,nan
2818.367298736871,199.03057861328125,nan
2818.3742430573425,199.05690002441406,nan
2818.381187377814,199.40501403808594,nan
2818.388131698519,198.44894409179688,nan
2818.395076018991,199.4266357421875,nan
2818.4020203394625,199.2202911376953,nan
2818.408964659934,199.4476318359375,nan
2818.415908980405,199.64443969726562,nan
2818.4228533008773,199.67369079589844,nan
2818.4297976213506,199.75267028808594,nan
2818.436741941823,200.1592254638672,nan
2818.443686262295,200.7751007080078,nan
2818.450630582767,201.36802673339844,nan
2818.457574903239,201.2823028564453,nan
2818.464519223478,201.25958251953125,nan
2818.47146354395,203.41091918945312,nan
2818.478407864422,203.5174102783203,nan
2818.4853521846608,203.12330627441406,nan
2818.492296505133,203.42417907714844,nan
2818.499240825372,204.86448669433594,nan
2818.506185145844,206.0799102783203,nan
2818.5131294660832,205.81297302246094,nan
2818.520073786322,207.26588439941406,nan
2818.527018106794,207.531005859375,nan
2818.5339624270337,208.9522247314453,nan
2818.540906747273,209.32171630859375,nan
2818.547851067511,210.1387176513672,nan
2818.5547953877503,211.30337524414062,nan
2818.56173970799,212.14588928222656,nan
2818.5686840282287,212.96044921875,nan
2818.575628348468,213.40573120117188,nan
2818.582572668707,214.2366485595703,nan
2818.5895169889463,215.03390502929688,nan
2818.5964613091865,214.71681213378906,nan
2818.603405629426,214.81988525390625,nan
2818.610349949432,214.940185546875,nan
2818.617294269671,215.69793701171875,nan
2818.6242385896767,216.70346069335938,nan
2818.631182909916,216.57601928710938,nan
2818.6381272299213,215.86883544921875,nan
2818.645071550161,216.156005859375,nan
2818.652015870167,216.77523803710938,nan
2818.6589601904066,216.40530395507812,nan
2818.665904510413,215.97274780273438,nan
2818.672848830419,215.61399841308594,nan
2818.679793150425,215.73001098632812,nan
2818.686737470664,215.22207641601562,nan
2818.693681790671,215.11341857910156,nan
2818.700626110677,215.3671417236328,nan
2818.707570430683,215.1564178466797,nan
2818.71451475069,215.1221466064453,nan
2818.7214590706953,215.06150817871094,nan
2818.728403390469,214.18408203125,nan
2818.7353477104753,214.023681640625,nan
2818.742292030482,214.24964904785156,nan
2818.749236350488,213.965576171875,nan
2818.7561806702624,213.7449188232422,nan
2818.7631249902697,214.11241149902344,nan
2818.7700693100423,213.36227416992188,nan
2818.7770136300487,213.5666046142578,nan
2818.7839579498223,214.183349609375,nan
2818.790902269829,213.4986572265625,nan
2818.797846589602,213.46194458007812,nan
2818.804790909609,214.10150146484375,nan
2818.811735229382,213.92648315429688,nan
2818.8186795491556,214.8712615966797,nan
2818.825623868929,214.37628173828125,nan
2818.8325681887027,214.75064086914062,nan
2818.839512508476,215.2150115966797,nan
2818.8464568282498,215.48098754882812,nan
2818.8534011480233,215.51394653320312,nan
2818.860345467796,215.6211395263672,nan
2818.86728978757,215.9213409423828,nan
2818.874234107343,215.75308227539062,nan
2818.881178427117,215.913330078125,nan
2818.88812274689,216.08082580566406,nan
2818.89506706643,215.63832092285156,nan
2818.902011386203,215.20787048339844,nan
2818.908955705976,216.18955993652344,nan
2818.9159000255177,215.29554748535156,nan
2818.922844345292,215.26358032226562,nan
2818.929788664833,214.08782958984375,nan
2818.936732984606,214.93251037597656,nan
2818.943677304146,213.60330200195312,nan
2818.950621623687,213.93450927734375,nan
2818.957565943228,212.29074096679688,nan
2818.9645102630016,212.98533630371094,nan
2818.971454582542,212.7346649169922,nan
2818.978398902083,211.34371948242188,nan
2818.985343221623,211.3033447265625,nan
2818.992287541164,211.35841369628906,nan
2818.9992318607046,211.05760192871094,nan
2819.006176180245,211.15003967285156,nan
2819.013120499786,211.03402709960938,nan
2819.0200648193268,210.2108612060547,nan
2819.027009138867,210.4785919189453,nan
2819.033953458175,210.1016387939453,nan
2819.040897777715,210.41624450683594,nan
2819.047842097256,210.24978637695312,nan
2819.0547864165637,211.35806274414062,nan
2819.061730736105,211.40914916992188,nan
2819.068675055645,211.26116943359375,nan
2819.075619374953,211.3044891357422,nan
2819.0825636942614,211.8072052001953,nan
2819.089508013803,212.39012145996094,nan
2819.0964523331113,212.80511474609375,nan
2819.1033966524183,213.4371337890625,nan
2819.110340971959,214.0714111328125,nan
2819.117285291267,213.47708129882812,nan
2819.1242296105747,214.13926696777344,nan
2819.1311739298826,214.6936798095703,nan
2819.13811824919,215.07403564453125,nan
2819.145062568498,215.1719512939453,nan
2819.1520068878062,216.04217529296875,nan
2819.158951207113,216.33639526367188,nan
2819.165895526421,215.7501983642578,nan
2819.172839845729,216.14334106445312,nan
2819.179784165037,216.1580352783203,nan
2819.1867284843447,216.08035278320312,nan
2819.1936728034198,215.9873809814453,nan
2819.2006171227276,215.99871826171875,nan
2819.207561442035,215.89671325683594,nan
2819.2145057611106,216.1788330078125,nan
2819.221450080418,215.1573944091797,nan
2819.228394399493,214.64337158203125,nan
2819.235338718801,213.8418426513672,nan
2819.2422830378764,213.8709716796875,nan
2819.2492273569524,213.20269775390625,nan
2819.2561716762602,212.93724060058594,nan
2819.2631159953353,212.00714111328125,nan
2819.2700603144094,211.88955688476562,nan
2819.277004633484,211.08163452148438,nan
2819.283948952792,209.58644104003906,nan
2819.2908932718665,209.2428741455078,nan
2819.297837590941,209.09971618652344,nan
2819.3047819100166,209.59007263183594,nan
2819.3117262290916,208.40574645996094,nan
2819.3186705481667,208.58023071289062,nan
2819.325614867009,208.09371948242188,nan
2819.3325591860835,206.23497009277344,nan
2819.339503505158,206.51541137695312,nan
2819.3464478242336,207.12216186523438,nan
2819.353392143308,206.4720001220703,nan
2819.3603364621513,206.23391723632812,nan
2819.367280781226,206.39007568359375,nan
2819.3742251000676,206.84121704101562,nan
2819.3811694191427,205.81715393066406,nan
2819.388113737985,206.1634063720703,nan
2819.39505805706,206.53240966796875,nan
2819.402002375902,205.83758544921875,nan
2819.4089466949777,206.3104248046875,nan
2819.4158910138203,206.68089294433594,nan
2819.4228353326625,206.253173828125,nan
2819.4297796515048,206.54893493652344,nan
2819.43672397058,207.17767333984375,nan
2819.443668289422,207.31517028808594,nan
2819.4506126082642,207.87625122070312,nan
2819.457556927106,207.89776611328125,nan
2819.4645012459487,208.54144287109375,nan
2819.47144556479,209.54713439941406,nan
2819.478389883632,209.36663818359375,nan
2819.4853342024753,210.98492431640625,nan
2819.492278521317,211.2112274169922,nan
2819.499222839926,211.9555206298828,nan
2819.506167158768,212.6526336669922,nan
2819.51311147761,213.81414794921875,nan
2819.5200557964527,214.4888458251953,nan
2819.527000115062,214.97564697265625,nan
2819.5339444339043,216.63621520996094,nan
2819.5408887525136,216.1855010986328,nan
2819.547833071356,218.20204162597656,nan
2819.5547773899643,218.33277893066406,nan
2819.561721708807,219.18812561035156,nan
2819.5686660274164,220.07481384277344,nan
2819.575610346027,221.47833251953125,nan
2819.582554664869,222.29812622070312,nan
2819.5894989834787,222.05770874023438,nan
2819.596443302087,223.3861541748047,nan
2819.603387620697,223.7262420654297,nan
2819.610331939539,224.18321228027344,nan
2819.617276258148,224.2796630859375,nan
2819.624220576758,224.32879638671875,nan
2819.631164895367,224.73837280273438,nan
2819.6381092139763,225.57907104492188,nan
2819.6450535325857,225.2418975830078,nan
2819.651997851195,226.51495361328125,nan
2819.658942169804,225.6319122314453,nan
2819.665886488181,225.86468505859375,nan
2819.67283080679,225.84927368164062,nan
2819.6797751254,225.96885681152344,nan
2819.6867194440083,225.7136993408203,nan
2819.693663762385,225.9071044921875,nan
2819.7006080809942,225.64617919921875,nan
2819.707552399371,225.29165649414062,nan
2819.71449671798,225.45245361328125,nan
2819.72144103659,226.0245361328125,nan
2819.7283853549666,225.6068878173828,nan
2819.7353296733436,225.77874755859375,nan
2819.742273991953,225.93141174316406,nan
2819.74921831033,225.97738647460938,nan
2819.756162628706,226.4459686279297,nan
2819.763106947316,225.1944580078125,nan
2819.770051265692,225.5602569580078,nan
2819.7769955840686,225.92514038085938,nan
2819.783939902445,225.85008239746094,nan
2819.7908842208217,226.3529815673828,nan
2819.797828539431,226.4730682373047,nan
2819.8047728578076,226.28033447265625,nan
2819.811717176184,227.96469116210938,nan
2819.8186614943274,226.63829040527344,nan
2819.825605812704,226.39817810058594,nan
2819.8325501310806,227.4525909423828,nan
2819.839494449457,227.4512481689453,nan
2819.846438767833,227.87335205078125,nan
2819.8533830862098,227.80014038085938,nan
2819.8603274043535,227.7276153564453,nan
2819.86727172273,228.1197509765625,nan
2819.8742160411066,228.38641357421875,nan
2819.8811603592503,227.9526824951172,nan
2819.888104677627,228.1068878173828,nan
2819.8950489960034,227.5081024169922,nan
2819.901993314148,227.9886932373047,nan
2819.9089376325246,227.94500732421875,nan
2819.915881950668,227.12826538085938,nan
2819.922826268812,227.23779296875,nan
2819.9297705871886,226.9739227294922,nan
2819.936714905332,227.00689697265625,nan
2819.943659223476,227.0868682861328,nan
2819.9506035418526,226.41885375976562,nan
2819.957547859996,224.8261260986328,nan
2819.964492178139,225.24986267089844,nan
2819.971436496283,224.59629821777344,nan
2819.978380814427,225.1842041015625,nan
2819.9853251325703,224.1138153076172,nan
2819.992269450714,224.2046661376953,nan
2819.9992137688578,224.02549743652344,nan
2820.006158087001,222.91197204589844,nan
2820.013102405145,223.40911865234375,nan
2820.020046723289,222.61602783203125,nan
2820.0269910414327,222.60150146484375,nan
2820.033935359576,222.7422637939453,nan
2820.0408796774873,223.09320068359375,nan
2820.0478239956306,224.14321899414062,nan
2820.0547683137747,223.49583435058594,nan
2820.061712631919,224.0655517578125,nan
2820.0686569498303,223.88540649414062,nan
2820.075601267974,224.62733459472656,nan
2820.0825455858844,224.8455352783203,nan
2820.0894899040277,224.8329620361328,nan
2820.096434221939,225.2650146484375,nan
2820.1033785400823,225.43917846679688,nan
2820.110322857993,226.71359252929688,nan
2820.117267176137,226.0523223876953,nan
2820.124211494048,227.3171844482422,nan
2820.1311558119587,227.41175842285156,nan
2820.138100130102,228.03604125976562,nan
2820.145044448013,228.072265625,nan
2820.151988765924,228.61328125,nan
2820.158933083835,228.8060302734375,nan
2820.1658774017455,229.08566284179688,nan
2820.172821719889,230.4395751953125,nan
2820.1797660377997,229.94383239746094,nan
2820.186710355711,229.73619079589844,nan
2820.193654673622,229.69232177734375,nan
2820.2005989915333,229.3759307861328,nan
2820.2075433094433,229.50665283203125,nan
2820.214487627354,229.3214874267578,nan
2820.2214319450322,230.06369018554688,nan
2820.228376262944,229.00247192382812,nan
2820.235320580855,228.98486328125,nan
2820.242264898766,228.56048583984375,nan
2820.2492092166767,227.79400634765625,nan
2820.256153534355,227.06878662109375,nan
2820.2630978522657,225.51943969726562,nan
2820.2700421701766,225.95541381835938,nan
2820.2769864878546,225.31295776367188,nan
2820.283930805765,225.09616088867188,nan
2820.2908751234436,224.6307373046875,nan
2820.297819441354,223.3235626220703,nan
2820.304763759032,223.73159790039062,nan
2820.311708076943,222.69158935546875,nan
2820.318652394621,222.0597686767578,nan
2820.325596712532,221.67274475097656,nan
2820.33254103021,221.5589141845703,nan
2820.3394853478876,221.24432373046875,nan
2820.346429665798,220.99659729003906,nan
2820.3533739834766,220.46607971191406,nan
2820.3603183011546,220.2530975341797,nan
2820.3672626188327,219.93069458007812,nan
2820.3742069365107,220.14132690429688,nan
2820.3811512544225,220.2808074951172,nan
2820.3880955721006,219.7314910888672,nan
2820.3950398897787,219.69252014160156,nan
2820.4019842074567,219.81983947753906,nan
2820.408928525135,219.62225341796875,nan
2820.415872842813,220.17691040039062,nan
2820.422817160491,221.24685668945312,nan
2820.4297614781685,221.22434997558594,nan
2820.4367057956133,221.9087371826172,nan
2820.4436501132923,222.13087463378906,nan
2820.45059443097,221.95631408691406,nan
2820.457538748648,222.5709228515625,nan
2820.464483066326,223.73899841308594,nan
2820.471427383771,223.60098266601562,nan
2820.478371701449,224.31582641601562,nan
2820.485316019127,225.35206604003906,nan
2820.492260336572,225.9764404296875,nan
2820.49920465425,226.7600860595703,nan
2820.5061489719283,227.36854553222656,nan
2820.513093289373,228.73500061035156,nan
2820.520037607051,229.28335571289062,nan
2820.526981924496,230.8123321533203,nan
2820.533926242174,231.391357421875,nan
2820.540870559619,232.7734375,nan
2820.5478148770653,234.36007690429688,nan
2820.5547591947443,234.5118865966797,nan
2820.561703512189,235.6754913330078,nan
2820.568647829867,236.51065063476562,nan
2820.575592147312,237.13624572753906,nan
2820.582536464757,238.1371612548828,nan
2820.5894807822033,239.08139038085938,nan
2820.5964250996485,239.953857421875,nan
2820.603369417327,240.8424835205078,nan
2820.610313734772,241.47796630859375,nan
2820.617258052217,242.02259826660156,nan
2820.6242023696623,242.6651611328125,nan
2820.631146687108,242.98016357421875,nan
2820.6380910045527,243.18504333496094,nan
2820.645035321998,243.41543579101562,nan
2820.651979639443,244.071533203125,nan
2820.658923956888,244.24240112304688,nan
2820.6658682743337,243.47238159179688,nan
2820.672812591779,244.49913024902344,nan
2820.679756909224,244.98912048339844,nan
2820.686701226669,244.79190063476562,nan
2820.6936455438818,245.59310913085938,nan
2820.700589861326,245.398681640625,nan
2820.7075341787727,245.8311004638672,nan
2820.714478496218,244.955078125,nan
2820.7214228134308,245.40476989746094,nan
2820.728367130876,244.94505310058594,nan
2820.7353114483203,245.5172882080078,nan
2820.7422557655327,245.13804626464844,nan
2820.749200082978,245.43780517578125,nan
2820.7561444001904,246.45864868164062,nan
2820.763088717636,245.98887634277344,nan
2820.770033035081,246.4749755859375,nan
2820.776977352293,246.32650756835938,nan
2820.7839216697384,246.61305236816406,nan
2820.790865986951,247.4461212158203,nan
2820.7978103041632,247.18536376953125,nan
2820.804754621608,246.9319305419922,nan
2820.811698938821,248.19313049316406,nan
2820.8186432560333,247.80491638183594,nan
2820.825587573478,247.8944854736328,nan
2820.83253189069,248.56143188476562,nan
2820.8394762079033,248.56344604492188,nan
2820.846420525348,248.87001037597656,nan
2820.85336484256,248.8279571533203,nan
2820.860309159773,249.45834350585938,nan
2820.867253476985,248.9113006591797,nan
2820.8741977941972,249.38180541992188,nan
2820.881142111411,249.4423370361328,nan
2820.888086428623,248.5733642578125,nan
2820.895030746068,249.11314392089844,nan
2820.901975063281,249.68495178222656,nan
2820.908919380493,248.98951721191406,nan
2820.9158636977054,248.9683074951172,nan
2820.922808015383,248.81028747558594,nan
2820.929752332596,248.63006591796875,nan
2820.9366966498083,248.63934326171875,nan
2820.9436409670207,247.35760498046875,nan
2820.950585284233,247.41436767578125,nan
2820.9575296012126,247.2410888671875,nan
2820.9644739184255,246.66009521484375,nan
2820.971418235638,247.14735412597656,nan
2820.9783625528507,245.83331298828125,nan
2820.985306870063,246.6341094970703,nan
2820.9922511870427,246.16717529296875,nan
2820.999195504254,245.68846130371094,nan
2821.006139821467,245.71749877929688,nan
2821.013084138446,245.3270263671875,nan
2821.020028455659,245.8558807373047,nan
2821.026972772871,246.1074981689453,nan
2821.0339170898515,245.95083618164062,nan
2821.0408614070648,246.4931640625,nan
2821.047805724044,246.45408630371094,nan
2821.054750041256,246.40394592285156,nan
2821.0616943582363,246.78219604492188,nan
2821.068638675448,246.93421936035156,nan
2821.0755829924283,247.4169158935547,nan
2821.0825273096398,247.69956970214844,nan
2821.0894716266193,247.71099853515625,nan
2821.096415943599,248.49082946777344,nan
2821.1033602608113,248.70330810546875,nan
2821.110304577791,249.37046813964844,nan
2821.1172488950033,250.3634490966797,nan
2821.124193211983,249.96141052246094,nan
2821.131137528962,251.46466064453125,nan
2821.1380818459415,251.80654907226562,nan
2821.145026163154,251.2617950439453,nan
2821.151970480133,252.59817504882812,nan
2821.158914797113,253.21017456054688,nan
2821.165859114092,253.70970153808594,nan
2821.1728034310718,253.75657653808594,nan
2821.1797477480513,253.83853149414062,nan
2821.1866920652637,254.5624237060547,nan
2821.1936363822433,254.46401977539062,nan
2821.2005806992233,253.98263549804688,nan
2821.2075250162043,253.419189453125,nan
2821.214469333183,253.2060546875,nan
2821.2214136501625,253.1398468017578,nan
2821.228357967142,252.2432098388672,nan
2821.2353022841226,252.05799865722656,nan
2821.2422466011026,251.84730529785156,nan
2821.2491909180817,251.0430145263672,nan
2821.256135234829,250.83689880371094,nan
2821.263079551808,250.26422119140625,nan
2821.2700238687876,248.65101623535156,nan
2821.276968185767,248.3368377685547,nan
2821.2839125027467,247.0018768310547,nan
2821.2908568197263,245.6653594970703,nan
2821.297801136473,244.99017333984375,nan
2821.3047454534526,244.37368774414062,nan
2821.3116897704313,243.8133087158203,nan
2821.318634087411,242.38710021972656,nan
2821.325578404158,242.02281188964844,nan
2821.332522721137,241.74404907226562,nan
2821.3394670381167,240.77903747558594,nan
2821.346411354864,239.84844970703125,nan
2821.353355671843,239.41464233398438,nan
2821.3602999888235,238.25045776367188,nan
2821.3672443055702,238.40463256835938,nan
2821.37418862255,237.66844177246094,nan
2821.381132939297,237.10008239746094,nan
2821.3880772562766,236.96051025390625,nan
2821.395021573023,237.27122497558594,nan
2821.401965890002,236.51551818847656,nan
2821.408910206749,236.82638549804688,nan
2821.4158545237287,236.34178161621094,nan
2821.422798840475,237.0719757080078,nan
2821.429743157222,236.6164093017578,nan
2821.436687474202,236.4044647216797,nan
2821.443631790948,236.71859741210938,nan
2821.450576107927,236.7982177734375,nan
2821.4575204246744,237.28822326660156,nan
2821.464464741422,237.6905059814453,nan
2821.471409058402,238.39476013183594,nan
2821.478353375149,239.18898010253906,nan
2821.485297691895,239.81430053710938,nan
2821.4922420086423,241.1271514892578,nan
2821.499186325621,242.17640686035156,nan
2821.506130642368,242.85755920410156,nan
2821.513074959115,243.80552673339844,nan
2821.5200192758625,245.11764526367188,nan
2821.5269635926097,246.2270050048828,nan
2821.533907909356,247.25111389160156,nan
2821.5408522263356,249.16729736328125,nan
2821.547796543082,250.1188507080078,nan
2821.554740859829,251.97532653808594,nan
2821.5616851765753,252.67002868652344,nan
2821.568629493322,254.390869140625,nan
2821.575573810069,255.25704956054688,nan
2821.5825181268156,256.65118408203125,nan
2821.5894624435623,257.22747802734375,nan
2821.596406760309,259.04315185546875,nan
2821.603351077056,259.7213134765625,nan
2821.610295393802,260.67132568359375,nan
2821.6172397105483,261.048828125,nan
2821.6241840272955,262.222900390625,nan
2821.631128344042,262.689697265625,nan
2821.6380726605557,263.5224914550781,nan
2821.645016977303,264.56951904296875,nan
2821.6519612940506,265.2132263183594,nan
2821.658905610798,265.4090576171875,nan
2821.665849927544,265.6234130859375,nan
2821.6727942442903,264.4562683105469,nan
2821.6797385608043,265.8586730957031,nan
2821.6866828775514,264.9876708984375,nan
2821.6936271942996,265.0638122558594,nan
2821.7005715110463,266.4244689941406,nan
2821.7075158275593,266.3454895019531,nan
2821.714460144306,266.21295166015625,nan
2821.7214044610528,266.71551513671875,nan
2821.728348777567,266.8658752441406,nan
2821.735293094314,266.80401611328125,nan
2821.7422374108273,266.62969970703125,nan
2821.749181727574,267.753173828125,nan
2821.756126044321,267.4924011230469,nan
2821.7630703608347,268.23553466796875,nan
2821.770014677581,267.9649353027344,nan
2821.776958994095,268.9372863769531,nan
2821.783903310842,268.8777770996094,nan
2821.7908476273556,269.22711181640625,nan
2821.797791944102,268.95751953125,nan
2821.8047362606158,269.7627258300781,nan
2821.811680577363,270.1014099121094,nan
2821.8186248938773,270.2242736816406,nan
2821.8255692103917,270.71826171875,nan
2821.832513527139,270.982666015625,nan
2821.839457843653,270.5881652832031,nan
2821.8464021603995,271.1233215332031,nan
2821.853346476914,271.29766845703125,nan
2821.8602907934282,270.419677734375,nan
2821.867235109942,271.752197265625,nan
2821.874179426689,271.2464904785156,nan
2821.881123743203,270.83203125,nan
2821.888068059716,270.99835205078125,nan
2821.895012376463,271.1933898925781,nan
2821.901956692977,270.5054931640625,nan
2821.9089010094913,270.5220642089844,nan
2821.9158453260043,269.8954772949219,nan
2821.922789642518,269.57025146484375,nan
2821.9297339590325,269.4963073730469,nan
2821.936678275546,269.4881286621094,nan
2821.9436225922927,269.11187744140625,nan
2821.9505669088066,268.7983703613281,nan
2821.9575112253206,268.45953369140625,nan
2821.964455541834,266.84112548828125,nan
2821.971399858348,267.14080810546875,nan
2821.9783441748623,266.7464599609375,nan
2821.985288491377,266.47125244140625,nan
2821.992232807891,265.6751403808594,nan
2821.999177124405,265.8713684082031,nan
2822.006121440919,266.15972900390625,nan
2822.0130657574337,265.3270568847656,nan
2822.0200100737147,264.7471923828125,nan
2822.0269543902286,265.6614990234375,nan
2822.0338987067425,264.673583984375,nan
2822.040843023256,264.74273681640625,nan
2822.04778733977,264.7738342285156,nan
2822.0547316562843,264.9388122558594,nan
2822.061675972565,265.23638916015625,nan
2822.0686202890784,265.1645202636719,nan
2822.0755646055923,265.8052673339844,nan
2822.082508922106,265.78118896484375,nan
2822.0894532383873,265.8960876464844,nan
2822.096397554901,266.1847229003906,nan
2822.103341871415,265.9247131347656,nan
2822.110286187696,266.6165466308594,nan
2822.11723050421,266.88525390625,nan
2822.124174820724,267.77288818359375,nan
2822.1311191370055,267.6214904785156,nan
2822.13806345352,268.56005859375,nan
2822.145007769801,268.690673828125,nan
2822.151952086315,269.2139587402344,nan
2822.158896402596,269.6981201171875,nan
2822.16584071911,269.5822448730469,nan
2822.1727850353914,269.1394958496094,nan
2822.179729351673,270.02911376953125,nan
2822.186673668187,270.2265625,nan
2822.193617984468,270.291748046875,nan
2822.200562300982,269.9716491699219,nan
2822.207506617263,268.7923583984375,nan
2822.214450933544,268.3429870605469,nan
2822.221395249825,268.98541259765625,nan
2822.228339566339,268.30810546875,nan
2822.2352838826196,268.2292175292969,nan
2822.2422281989,267.8825378417969,nan
2822.2491725151813,266.68353271484375,nan
2822.256116831695,265.9146728515625,nan
2822.2630611479776,264.6763000488281,nan
2822.270005464259,263.8575744628906,nan
2822.2769497805402,263.4699401855469,nan
2822.2838940968213,262.66131591796875,nan
2822.290838413102,261.67364501953125,nan
2822.297782729383,260.4951477050781,nan
2822.304727045664,259.5250549316406,nan
2822.3116713619447,258.2555847167969,nan
2822.318615678226,257.1474914550781,nan
2822.325559994507,257.1131286621094,nan
2822.332504310788,254.75555419921875,nan
2822.3394486268367,254.3558807373047,nan
2822.346392943118,253.61477661132812,nan
2822.3533372593993,253.17391967773438,nan
2822.3602815756803,253.06817626953125,nan
2822.3672258917286,251.47665405273438,nan
2822.3741702080097,251.17843627929688,nan
2822.3811145242908,250.36502075195312,nan
2822.388058840339,249.17230224609375,nan
2822.3950031566205,249.08428955078125,nan
2822.401947472902,247.99932861328125,nan
2822.4088917889503,248.50811767578125,nan
2822.4158361052314,247.83108520507812,nan
2822.4227804212796,247.16026306152344,nan
2822.4297247375607,247.4748992919922,nan
2822.436669053609,246.86756896972656,nan
2822.443613369657,247.46163940429688,nan
2822.4505576859383,247.1410675048828,nan
2822.4575020019865,247.286865234375,nan
2822.464446318034,247.59271240234375,nan
2822.471390634315,247.41915893554688,nan
2822.478334950363,247.7720184326172,nan
2822.485279266412,247.61692810058594,nan
2822.4922235824597,248.30252075195312,nan
2822.4991678985084,248.69268798828125,nan
2822.5061122145576,249.8670196533203,nan
2822.5130565306054,249.94007873535156,nan
2822.5200008466545,251.17636108398438,nan
2822.5269451627037,252.2620849609375,nan
2822.533889478752,252.51727294921875,nan
2822.5408337948,254.1282196044922,nan
2822.547778110848,254.71051025390625,nan
2822.5547224268958,255.80870056152344,nan
2822.561666742711,257.3623352050781,nan
2822.56861105876,257.6854553222656,nan
2822.575555374808,258.77789306640625,nan
2822.582499690623,261.25244140625,nan
2822.5894440066713,260.9679870605469,nan
2822.5963883224867,262.6732177734375,nan
2822.603332638535,263.90374755859375,nan
2822.61027695435,265.4165954589844,nan
2822.6172212703987,265.32940673828125,nan
2822.624165586214,265.79437255859375,nan
2822.631109902029,267.41265869140625,nan
2822.6380542178454,267.6954345703125,nan
2822.644998533894,268.7196960449219,nan
2822.651942849709,269.02490234375,nan
2822.6588871655254,270.6600646972656,nan
2822.6658314813412,270.16046142578125,nan
2822.672775797157,271.09246826171875,nan
2822.679720112972,271.6120910644531,nan
2822.686664428787,271.85565185546875,nan
2822.693608744603,271.5612487792969,nan
2822.700553060185,271.55340576171875,nan
2822.707497376001,271.722412109375,nan
2822.714441691816,271.0258483886719,nan
2822.721386007399,271.4500427246094,nan
2822.728330323214,271.9481201171875,nan
2822.735274638796,271.6552734375,nan
2822.742218954612,271.72015380859375,nan
2822.749163270195,271.3824462890625,nan
2822.756107585778,270.9573974609375,nan
2822.763051901594,271.8426513671875,nan
2822.769996217176,270.9566650390625,nan
2822.7769405327585,270.89404296875,nan
2822.783884848341,270.70794677734375,nan
2822.7908291639233,270.4620056152344,nan
2822.797773479506,269.6732482910156,nan
2822.804717795089,269.5671691894531,nan
2822.811662110438,270.02679443359375,nan
2822.818606426021,269.3993835449219,nan
2822.8255507416034,270.0690612792969,nan
2822.832495056954,269.01385498046875,nan
2822.839439372537,268.8624267578125,nan
2822.8463836878873,268.7508850097656,nan
2822.8533280034694,268.0643615722656,nan
2822.86027231882,267.76849365234375,nan
2822.8672166341703,266.68560791015625,nan
2822.8741609495196,266.2239685058594,nan
2822.881105264869,265.2914123535156,nan
2822.888049580219,264.79425048828125,nan
2822.8949938955693,263.8570861816406,nan
2822.901938210918,263.038330078125,nan
2822.908882526035,261.63671875,nan
2822.915826841385,261.0084228515625,nan
2822.9227711565018,260.6077575683594,nan
2822.929715471851,258.8038330078125,nan
2822.936659786968,257.2145690917969,nan
2822.943604102085,256.7367248535156,nan
2822.9505484172023,255.67166137695312,nan
2822.9574927325525,254.0214385986328,nan
2822.964437047437,253.25363159179688,nan
2822.971381362554,251.4026641845703,nan
2822.978325677671,250.62643432617188,nan
2822.9852699927887,249.15042114257812,nan
2822.992214307673,247.90391540527344,nan
2822.9991586227898,246.405029296875,nan
2823.006102937674,246.03848266601562,nan
2823.013047252558,245.1835479736328,nan
2823.019991567442,243.53562927246094,nan
2823.026935882326,242.39801025390625,nan
2823.0338801972093,241.20928955078125,nan
2823.040824512094,240.33265686035156,nan
2823.047768826978,239.397705078125,nan
2823.054713141629,238.87347412109375,nan
2823.0616574565133,237.34153747558594,nan
2823.068601771166,236.4862518310547,nan
2823.075546085817,235.94471740722656,nan
2823.082490400468,234.17739868164062,nan
2823.089434715119,233.82493591308594,nan
2823.0963790297706,233.65835571289062,nan
2823.1033233444223,231.86073303222656,nan
2823.11026765884,231.077392578125,nan
2823.117211973491,231.01950073242188,nan
2823.1241562879095,229.660400390625,nan
2823.131100602328,229.53558349609375,nan
2823.138044916746,228.44105529785156,nan
2823.144989231165,227.48046875,nan
2823.1519335455832,226.17562866210938,nan
2823.1588778597707,226.54283142089844,nan
2823.16582217419,225.10401916503906,nan
2823.1727664883756,223.9664764404297,nan
2823.1797108025603,223.19776916503906,nan
2823.186655116746,222.3076934814453,nan
2823.193599430932,220.8892822265625,nan
2823.2005437451176,219.66415405273438,nan
2823.20748805907,219.04592895507812,nan
2823.2144323732555,218.4934539794922,nan
2823.2213766872082,217.1575927734375,nan
2823.228321001161,216.07101440429688,nan
2823.235265314881,214.19325256347656,nan
2823.2422096288337,213.66957092285156,nan
2823.249153942787,211.64414978027344,nan
2823.2560982565074,210.2991180419922,nan
2823.2630425702273,209.306640625,nan
2823.2699868839472,207.42970275878906,nan
2823.276931197667,206.24191284179688,nan
2823.2838755111543,204.26080322265625,nan
2823.2908198248742,203.24330139160156,nan
2823.297764138361,201.607177734375,nan
2823.304708451848,200.5050048828125,nan
2823.3116527651027,198.61541748046875,nan
2823.3185970785908,196.67010498046875,nan
2823.325541391845,196.2825469970703,nan
2823.332485705332,193.9525909423828,nan
2823.3394300183536,192.18313598632812,nan
2823.346374331608,190.85263061523438,nan
2823.353318644863,189.95843505859375,nan
2823.360262957884,188.0335693359375,nan
2823.367207270906,186.17282104492188,nan
2823.374151583927,185.23226928710938,nan
2823.381095896716,184.8118896484375,nan
2823.388040209737,183.50621032714844,nan
2823.394984522525,182.0020751953125,nan
2823.401928835314,181.0623016357422,nan
2823.40887314787,180.7176055908203,nan
2823.415817460658,179.1567840576172,nan
2823.422761773214,178.44383239746094,nan
2823.42970608577,178.559814453125,nan
2823.4366503980937,177.6655731201172,nan
2823.44359471065,177.083984375,nan
2823.4505390229733,177.3118133544922,nan
2823.4574833352963,177.17803955078125,nan
2823.464427647386,176.74386596679688,nan
2823.471371959476,176.8002471923828,nan
2823.4783162715667,177.54388427734375,nan
2823.4852605836577,177.0155487060547,nan
2823.492204895514,176.9529266357422,nan
2823.4991492073723,176.91864013671875,nan
2823.506093519229,177.4440460205078,nan
2823.513037831086,176.28338623046875,nan
2823.5199821427113,176.9778289794922,nan
2823.5269264543367,177.49603271484375,nan
2823.533870765728,177.31214904785156,nan
2823.540815077352,177.3514404296875,nan
2823.547759388744,176.8375701904297,nan
2823.5547036999023,177.90988159179688,nan
2823.561648011061,176.59849548339844,nan
2823.56859232222,176.6901092529297,nan
2823.5755366333788,177.67811584472656,nan
2823.5824809443047,177.51556396484375,nan
2823.5894252552307,176.39364624023438,nan
2823.5963695661567,176.7283935546875,nan
2823.6033138768507,177.1131591796875,nan
2823.610258187544,176.29420471191406,nan
2823.617202498004,177.3155517578125,nan
2823.624146808464,176.76254272460938,nan
2823.631091118925,176.53663635253906,nan
2823.6380354291523,177.5196533203125,nan
2823.6449797393807,178.1544647216797,nan
2823.6519240493753,177.19984436035156,nan
2823.658868359603,177.0058135986328,nan
2823.6658126693646,177.63272094726562,nan
2823.6727569793593,177.38894653320312,nan
2823.6797012888883,176.71107482910156,nan
2823.6866455986506,176.8055419921875,nan
2823.69358990818,177.0413818359375,nan
2823.700534217476,177.22186279296875,nan
2823.707478527005,176.8259735107422,nan
2823.714422836068,176.78407287597656,nan
2823.7213671453646,177.22320556640625,nan
2823.728311454195,176.90444946289062,nan
2823.735255763258,176.79397583007812,nan
2823.742200072089,176.95396423339844,nan
2823.7491443806866,177.12298583984375,nan
2823.7560886892843,176.98927307128906,nan
2823.763032997881,176.9827880859375,nan
2823.7699773062463,178.18113708496094,nan
2823.7769216143797,176.4302215576172,nan
2823.7838659225117,177.1610107421875,nan
2823.7908102304104,176.9866943359375,nan
2823.7977545383105,176.76318359375,nan
2823.80469884621,177.118408203125,nan
2823.811643153876,176.73126220703125,nan
2823.81858746131,177.1898193359375,nan
2823.825531768743,176.48338317871094,nan
2823.832476075944,177.50784301757812,nan
2823.8394203831444,177.1400909423828,nan
2823.8463646901128,177.164794921875,nan
2823.853308997081,177.24005126953125,nan
2823.860253303816,176.96990966796875,nan
2823.8671976105516,177.12759399414062,nan
2823.8741419170537,177.05128479003906,nan
2823.881086223322,177.27023315429688,nan
2823.888030529592,177.16773986816406,nan
2823.8949748356285,177.199951171875,nan
2823.901919141432,177.26864624023438,nan
2823.908863447236,177.05694580078125,nan
2823.915807753039,176.91366577148438,nan
2823.9227520583772,176.2834014892578,nan
2823.929696363716,176.917236328125,nan
2823.936640669054,177.65223693847656,nan
2823.943584973927,177.35269165039062,nan
2823.950529279032,177.09017944335938,nan
2823.9574735836713,177.20919799804688,nan
2823.9644178883113,176.51341247558594,nan
2823.971362192719,177.4619598388672,nan
2823.9783064968933,176.87518310546875,nan
2823.9852508010663,177.63821411132812,nan
2823.9921951050073,177.09597778320312,nan
2823.9991394089493,177.24557495117188,nan
2824.0060837124247,176.63916015625,nan
2824.013028015901,176.7542724609375,nan
2824.0199723191436,177.2189178466797,nan
2824.026916622385,176.38841247558594,nan
2824.033860925395,177.029296875,nan
2824.040805228172,177.50814819335938,nan
2824.047749530716,177.6496124267578,nan
2824.054693833027,177.09629821777344,nan
2824.0616381353384,176.78189086914062,nan
2824.068582437417,177.12863159179688,nan
2824.0755267392624,177.27540588378906,nan
2824.082471041109,177.2285919189453,nan
2824.089415342722,176.732177734375,nan
2824.0963596438687,176.99273681640625,nan
2824.103303945016,177.3323516845703,nan
2824.110248246163,176.94358825683594,nan
2824.1171925468443,177.3430633544922,nan
2824.1241368475266,176.8539276123047,nan
2824.1310811479752,177.63963317871094,nan
2824.138025448191,176.98440551757812,nan
2824.144969748174,176.94451904296875,nan
2824.1519140479245,177.36781311035156,nan
2824.158858347442,177.02691650390625,nan
2824.16580264696,177.13088989257812,nan
2824.172746946244,177.7907257080078,nan
2824.179691245296,177.36167907714844,nan
2824.1866355441143,176.7152557373047,nan
2824.1935798427003,176.9873046875,nan
2824.200524141053,177.0740966796875,nan
2824.2074684391737,177.3381805419922,nan
2824.214412737294,176.75294494628906,nan
2824.2213570349495,177.56295776367188,nan
2824.2283013326046,176.91632080078125,nan
2824.2352456297936,177.2010040283203,nan
2824.242189926982,177.47898864746094,nan
2824.249134223938,177.19297790527344,nan
2824.256078520661,176.04214477539062,nan
2824.263022817152,176.9203338623047,nan
