time,flux,flux_err,centroid_col,centroid_row,cadenceno,quality
1711.3892211914062,0.12101227045059204,0.19611309468746185,2113.8301564825756,950.0115345759257,0,0
1711.4100341796875,-0.0442030131816864,0.19611307978630066,2115.017394946927,949.8744248877359,1,0
1711.4308471679688,-0.11813396215438843,0.19611310958862305,2114.83466129293,949.6927901689129,2,0
1711.4517211914062,0.03532475233078003,0.1961129903793335,2114.2215601868565,949.6894927227473,3,0
1711.4725341796875,0.050442248582839966,0.19611307978630066,2114.709370719993,949.9044740786027,4,0
1711.4933471679688,-0.0008636116981506348,0.19611309468746185,2114.707786244613,949.7804490232152,5,0
1711.5142211914062,-0.12236893177032471,0.19611309468746185,2114.89529548436,949.8274927351936,6,0
1711.5350341796875,-0.09387162327766418,0.19612321257591248,2115.0232615758628,949.8358216182482,7,0
1711.5558471679688,-0.0768568217754364,0.19612650573253632,2114.8071355221937,950.009399113202,8,0
1711.5767211914062,0.028368085622787476,0.19611306488513947,2114.5476907192347,949.6697279766538,9,0
1711.5975341796875,-0.2858101725578308,0.1961130052804947,2115.2910908091217,950.005513425734,10,0
1711.6183471679688,-0.05671113729476929,0.19611983001232147,2114.6516846927425,949.9540262526053,11,0
1711.6392211914062,0.020681798458099365,0.1961434930562973,2114.779430509826,949.9006032089055,12,0
1711.6600341796875,-0.06371250748634338,0.19614703953266144,2114.7150898218742,950.066500642408,13,0
1711.6808471679688,-0.14025524258613586,0.19612665474414825,2115.083287131343,949.786052280859,14,0
1711.7017211914062,0.08082857728004456,0.19611309468746185,2114.5174040690235,949.839526562467,15,0
1711.7225341796875,-0.10037848353385925,0.19614700973033905,2115.0761171335976,949.8275838550206,16,0
1711.7433471679688,-0.06965455412864685,0.1961197704076767,2114.6213517886476,950.0648647132874,17,0
1711.7642211914062,0.06354686617851257,0.19612325727939606,2114.3544641108133,949.876451400782,18,0
1711.7850341796875,-0.164264976978302,0.1961231231689453,2115.038519509832,949.7547364677091,19,0
1711.8058471679688,-0.033738404512405396,0.1961333453655243,2114.7839450151832,949.8187086433165,20,0
1711.8267211914062,0.00017458200454711914,0.19611304998397827,2114.753928773507,949.8304396517847,21,0
1711.8475341796875,-0.19879251718521118,0.19611302018165588,2115.29965920849,949.933277964445,22,0
1711.8683471679688,-0.05679777264595032,0.19615384936332703,2115.1678636283286,949.9129325931151,23,0
1711.8892211914062,-0.06314992904663086,0.19615375995635986,2114.768181191226,949.84504426137,24,0
1711.9100341796875,-0.04507601261138916,0.19615384936332703,2114.686868492654,950.0576030746539,25,0
1711.9308471679688,-0.09168645739555359,0.19615380465984344,2114.835448886076,950.0072003149933,26,0
1711.9517211914062,-0.024328768253326416,0.19615381956100464,2114.833149450173,950.0601367656973,27,0
1711.9725341796875,0.05816325545310974,0.19612663984298706,2114.586213317777,949.9453955301806,28,0
1711.9933471679688,0.003882884979248047,0.19611647725105286,2114.819134967601,949.7939412544237,29,0
1712.0142211914062,-0.17109006643295288,0.19614358246326447,2114.991155099028,950.0070296125813,30,0
1712.0350341796875,0.07200741767883301,0.19614018499851227,2114.1648163033296,949.6815376143142,31,0
1712.0558471679688,-0.033738791942596436,0.19612319767475128,2115.008592483966,949.8572937982775,32,0
1712.0767211914062,-0.07230949401855469,0.19614702463150024,2114.8050350014933,949.9592779973491,33,0
1712.0975341796875,0.005949735641479492,0.19611647725105286,2114.5709578839187,950.0645584894866,34,0
1712.1183471679688,-0.09237897396087646,0.19612319767475128,2114.6898394728933,949.7706981583931,35,0
1712.1392211914062,-0.07174462080001831,0.19615380465984344,2115.0038266128445,949.9573585677767,36,0
1712.1600341796875,-0.060460686683654785,0.19615384936332703,2114.519482530357,949.8010783590382,37,0
1712.1808471679688,-0.06288781762123108,0.19615380465984344,2114.999187389395,949.8218898443421,38,0
1712.2017211914062,-0.1612173318862915,0.1961299329996109,2115.0814619503553,949.8362616581348,39,0
1712.2225341796875,-0.15088805556297302,0.19615386426448822,2115.037570853983,949.761502125876,40,0
1712.2433471679688,0.02086693048477173,0.1961197406053543,2114.6747408179435,949.8364676648343,41,0
1712.2642211914062,-0.09682601690292358,0.19614021480083466,2114.8250399378576,949.6867460208796,42,0
1712.2850341796875,-0.02887311577796936,0.19614361226558685,2114.870272566006,949.7891343278507,43,0
1712.3058471679688,-0.12245041131973267,0.19613686203956604,2114.7926926182076,950.0903586069929,44,0
1712.3267211914062,0.032180219888687134,0.1961130052804947,2114.910300462321,949.7855331413593,45,0
1712.3475341796875,-0.022651702165603638,0.19611303508281708,2114.8702420867985,949.7600406079904,46,0
1712.3683471679688,-0.16633346676826477,0.19614702463150024,2114.8535360371834,949.8818426080187,47,0
1712.3892211914062,-0.18902641534805298,0.19612659513950348,2115.2369242429063,950.0431947980745,48,0
1712.4100341796875,-0.09200796484947205,0.19612319767475128,2114.9162443137648,949.959674568823,49,0
1712.4308471679688,-0.03320181369781494,0.19611984491348267,2114.6324933834962,950.1576435746515,50,0
1712.4517211914062,-0.019051551818847656,0.19613675773143768,2115.014282444378,950.008974659617,51,0
1712.4725341796875,-0.13937431573867798,0.1961163878440857,2115.051720906215,949.8850782945874,52,0
1712.4933471679688,-0.1415759027004242,0.1961231529712677,2114.92896319357,949.8400691864553,53,0
1712.5142211914062,-0.1818799376487732,0.19614695012569427,2114.803930275832,950.0471111866972,54,0
1712.5350341796875,-0.10162067413330078,0.19615384936332703,2114.8584446314594,949.7393136227482,55,0
1712.5558471679688,-0.20111578702926636,0.19615040719509125,2115.1148944444285,949.8934332945782,56,0
1712.5767211914062,-0.14636188745498657,0.19615384936332703,2115.102149841176,949.9328572646282,57,0
1712.5975341796875,-0.14343664050102234,0.19614024460315704,2114.762154475829,949.886329697991,58,0
1712.6183471679688,-0.06532406806945801,0.19615381956100464,2114.861160532783,949.9212483603683,59,0
1712.6392211914062,-0.200667142868042,0.19613341987133026,2114.9270482813768,949.92961116536,60,0
1712.6600341796875,-0.15560036897659302,0.19615380465984344,2114.798005615254,949.7453803900088,61,0
1712.6808471679688,-0.21628451347351074,0.19615037739276886,2115.012586040424,950.0065134864037,62,0
1712.7017211914062,-0.1131671667098999,0.19611309468746185,2114.9106379083946,949.7203914304927,63,0
1712.7225341796875,-0.20361799001693726,0.19611309468746185,2114.783090924623,949.8512079988826,64,0
1712.7433471679688,-0.12348204851150513,0.19611303508281708,2114.8991746652214,949.755826272145,65,0
1712.7642211914062,-0.022920727729797363,0.19611310958862305,2114.9271168374776,949.8773968602201,66,0
1712.7850341796875,-0.15652167797088623,0.19611983001232147,2115.0037449457027,949.8522556647463,67,0
1712.8058471679688,-0.07634314894676208,0.19611309468746185,2114.9085003032237,949.9591303314293,68,0
1712.8267211914062,-0.1313345730304718,0.19611309468746185,2114.9904026144795,949.7697273417035,69,0
1712.8475341796875,-0.04754576086997986,0.1961129903793335,2114.989033096176,949.7740754328715,70,0
1712.8683471679688,-0.20383942127227783,0.1961163729429245,2114.9967190235307,949.8619512955801,71,0
1712.8892211914062,-0.145361065864563,0.1961197555065155,2114.9565134446743,949.8539367331912,72,0
1712.9100341796875,-0.3407328128814697,0.19615378975868225,2115.1758977533964,949.9407669125826,73,0
1712.9308471679688,-0.05356040596961975,0.1961129903793335,2114.6355093462553,949.7839234597576,74,0
1712.9517211914062,-0.19998690485954285,0.1961197406053543,2115.0673406253954,949.9028462483592,75,0
1712.9725341796875,-0.08026257157325745,0.1961129903793335,2114.4219062729553,949.8126318003262,76,0
1712.9933471679688,-0.1843518316745758,0.19611644744873047,2115.049202822578,949.6861749540919,77,0
1713.0142211914062,-0.10203313827514648,0.1961129754781723,2114.927580751441,949.8379592346378,78,0
1713.0350341796875,-0.04692357778549194,0.1961130052804947,2114.6148549265736,949.8646768459305,79,0
1713.0558471679688,-0.2752325236797333,0.19614356756210327,2115.077359250528,949.7170552138657,80,0
1713.0767211914062,-0.029796957969665527,0.19611306488513947,2114.646786876582,950.0495955467219,81,0
1713.0975341796875,0.01627311110496521,0.1961163729429245,2114.869994630093,949.9563297979432,82,0
1713.1183471679688,-0.0017912089824676514,0.19611303508281708,2114.7521796921164,949.6320076689371,83,0
1713.1392211914062,-0.1251032054424286,0.19611302018165588,2114.863495944997,949.5608419104243,84,0
1713.1600341796875,-0.05927157402038574,0.1961129903793335,2114.7493486337294,949.8288911895356,85,0
1713.1808471679688,-0.004603743553161621,0.19611309468746185,2114.4171009287134,949.6861443475924,86,0
1713.2017211914062,-0.16613948345184326,0.19612999260425568,2115.0510335022223,949.7774174483299,87,0
1713.2225341796875,-0.04648953676223755,0.19613675773143768,2114.6249810669883,949.8679971247311,88,0
1713.2433471679688,0.09529560804367065,0.19611304998397827,2114.5927253428,949.6220653143081,89,0
1713.2642211914062,0.04113093018531799,0.19611304998397827,2114.654695661225,949.6783411857184,90,0
1713.2850341796875,-0.06513845920562744,0.19611309468746185,2114.700718701758,949.824999718226,91,0
1713.3058471679688,0.0714653730392456,0.1961027979850769,2114.8602650344355,949.8383878047354,92,0
1713.3267211914062,-0.04178789258003235,0.19611647725105286,2114.74229430935,949.9541361928459,93,0
1713.3475341796875,-0.11881515383720398,0.19611647725105286,2114.994765163313,949.964412424209,94,0
1713.3683471679688,-0.1225343644618988,0.1961130052804947,2114.923157388196,950.044543424811,95,0
1713.3892211914062,-0.07387220859527588,0.1961163729429245,2114.8672534304665,949.6968465907967,96,0
1713.4100341796875,-0.010740429162979126,0.19611302018165588,2114.6996113190926,949.6551374278407,97,0
1713.4308471679688,0.09318828582763672,0.19611306488513947,2114.588233925686,949.8259500835794,98,0
1713.4517211914062,-0.024133741855621338,0.1961129605770111,2114.7005425330835,949.8621123920394,99,0
1713.4725341796875,-0.0729227066040039,0.1961062103509903,2114.997537779943,949.8410616868152,100,0
1713.4933471679688,-0.00942373275756836,0.1960960030555725,2114.955008124465,949.7644081823918,101,0
1713.5142211914062,0.1562509834766388,0.19610968232154846,2114.3162661593165,949.8724512221671,102,0
1713.5350341796875,-0.1713024377822876,0.19611303508281708,2115.0111329727083,949.8533363963044,103,0
1713.5558471679688,-0.11564776301383972,0.19611303508281708,2115.007806670864,949.8449626895975,104,0
1713.5767211914062,-0.06363832950592041,0.19611309468746185,2114.7034811930484,949.7775515858674,105,0
1713.5975341796875,-0.06237107515335083,0.1961129903793335,2114.486185204379,950.1078066154026,106,0
1713.6183471679688,-0.11583846807479858,0.19611309468746185,2114.8600380673056,949.7907465735448,107,0
1713.6392211914062,0.057283997535705566,0.1961095631122589,2114.1172063792815,949.7295252062801,108,0
1713.6600341796875,-0.13703280687332153,0.1961197704076767,2114.9820666459955,949.6657065245162,109,0
1713.6808471679688,-0.029960811138153076,0.19611302018165588,2114.93055490161,949.9183272475142,110,0
1713.70166015625,0.06522509455680847,0.1961130052804947,2114.329720115543,949.668826793533,111,0
1713.7224731445312,-0.11490190029144287,0.19610968232154846,2114.9432181083907,949.7000152102446,112,0
1713.7433471679688,-0.08356666564941406,0.19611310958862305,2115.0033038036327,949.8823422819653,113,0
1713.76416015625,-0.006187319755554199,0.19611309468746185,2114.650657109788,950.0053086173596,114,0
1713.7849731445312,0.03438732028007507,0.19611309468746185,2114.4690496481307,949.6587764634908,115,0
1713.8058471679688,-0.04778704047203064,0.19611303508281708,2114.9086797947275,949.9129343144172,116,0
1713.82666015625,-0.020149707794189453,0.19611641764640808,2114.7250112125453,949.8577832265515,117,0
1713.8474731445312,0.056535035371780396,0.19611310958862305,2114.317283837617,949.7209506460139,118,0
1713.8683471679688,0.11065834760665894,0.19611304998397827,2114.493560122474,949.7927337302555,119,0
1713.88916015625,0.017216503620147705,0.19615037739276886,2114.7024354022915,950.1192950988735,120,0
1713.9099731445312,-0.026648491621017456,0.1961265355348587,2114.95207598439,949.6834763585022,121,0
1713.9308471679688,0.00792306661605835,0.19613343477249146,2114.9038243064306,949.8728948763672,122,0
1713.95166015625,0.012395292520523071,0.19611302018165588,2114.3890778758564,949.8249462735924,123,0
1713.9724731445312,-0.028479695320129395,0.19611309468746185,2114.4694174814313,949.6742330149438,124,0
1713.9933471679688,-0.006518423557281494,0.19611644744873047,2114.5879783810133,949.8663375654494,125,0
1714.01416015625,0.0036607086658477783,0.19614019989967346,2114.929946326485,949.7916934184041,126,0
1714.0349731445312,0.06671613454818726,0.1961130052804947,2114.446586770104,949.5846326532433,127,0
1714.0558471679688,-0.04956638813018799,0.1961333453655243,2114.6091568515,949.6208014244339,128,0
1714.07666015625,-0.02028346061706543,0.19611647725105286,2114.626314148958,949.8024187555189,129,0
1714.0974731445312,-0.09360426664352417,0.19611302018165588,2114.9075604575173,949.8218396727169,130,0
1714.1183471679688,0.03561311960220337,0.1961299628019333,2114.8192085862756,949.2249238811926,131,0
1714.13916015625,-0.11508208513259888,0.19611310958862305,2115.0217533460955,949.8703206041955,132,0
1714.1599731445312,-0.03431302309036255,0.19611304998397827,2114.7535072617097,949.4712810274913,133,0
1714.1808471679688,-0.10403507947921753,0.19611303508281708,2114.9939988139654,949.8697167818087,134,0
1714.20166015625,-0.018952548503875732,0.19611309468746185,2114.836283769217,949.7606746397214,135,0
1714.2224731445312,0.008283436298370361,0.19611307978630066,2114.607628310797,949.7531940770349,136,0
1714.2433471679688,-0.0918961763381958,0.1961163878440857,2114.9763212086114,949.9613888760881,137,0
1714.26416015625,-0.28399384021759033,0.1961129903793335,2115.221605856175,949.896851990651,138,0
1714.2849731445312,-0.18467825651168823,0.1961163729429245,2115.047438768703,949.8432014767976,139,0
1714.3058471679688,-0.1959027349948883,0.19611646234989166,2115.1051582139557,949.8242507235236,140,0
1714.32666015625,-0.1238183081150055,0.19611984491348267,2115.1127173607597,949.9218651928412,141,0
1714.3474731445312,-0.0009247660636901855,0.1961129903793335,2114.491282765751,949.6091828646643,142,0
1714.3683471679688,-0.008020639419555664,0.19611304998397827,2114.537369763037,949.9023574166813,143,0
1714.38916015625,-0.2223101556301117,0.1961163878440857,2114.845608182177,949.7865786018701,144,0
1714.4099731445312,0.08807379007339478,0.19611643254756927,2114.1482375308337,949.4304409266135,145,0
1714.4308471679688,-0.17932230234146118,0.19611303508281708,2115.0554088029103,949.9341685009352,146,0
1714.45166015625,-0.06553846597671509,0.19611307978630066,2114.8634219078826,949.6208961802994,147,0
1714.4724731445312,0.015835553407669067,0.19610626995563507,2114.662868663414,949.7863293763634,148,0
1714.4933471679688,-0.06383439898490906,0.19610968232154846,2115.022041674418,949.9601985188215,149,0
1714.51416015625,0.17503979802131653,0.1961130052804947,2113.834007518862,949.9261934144416,150,0
1714.5349731445312,0.086353600025177,0.19611310958862305,2114.108164681015,949.8024682666818,151,0
1714.5558471679688,-0.04214969277381897,0.1961265355348587,2114.953985276585,949.6838944397532,152,0
1714.57666015625,0.039847731590270996,0.19611644744873047,2114.283807140482,950.0726498718052,153,0
1714.5974731445312,0.09042686223983765,0.19612321257591248,2115.004112022343,949.7798869608062,154,0
1714.6183471679688,-0.08876949548721313,0.19611643254756927,2115.0147287472805,949.9602628331917,155,0
1714.63916015625,0.08016374707221985,0.19611302018165588,2114.464469813002,949.8438825008486,156,0
1714.6599731445312,0.04206365346908569,0.19611303508281708,2114.5280200901097,949.8009244388685,157,0
1714.6808471679688,-0.07683145999908447,0.19612319767475128,2114.9528951970724,949.8739198634584,158,0
1714.70166015625,0.10654246807098389,0.19611306488513947,2114.1669073922517,949.8012998910913,159,0
1714.7224731445312,0.04067176580429077,0.19611309468746185,2114.1775390300863,949.6643053718944,160,0
1714.7433471679688,0.04125028848648071,0.19611303508281708,2114.686792726812,949.8913630203532,161,0
1714.76416015625,0.017447352409362793,0.19611302018165588,2114.6690870532616,949.4345421873945,162,0
1714.7849731445312,0.09367433190345764,0.19612325727939606,2114.524157582707,949.5134132252015,163,0
1714.8058471679688,0.004478901624679565,0.19612668454647064,2114.910781970863,949.678942545909,164,0
1714.82666015625,-0.11127203702926636,0.19611647725105286,2114.9068582579575,949.8769692424681,165,0
1714.8474731445312,0.048857539892196655,0.19611302018165588,2114.4574658411816,950.0078145892262,166,0
1714.8683471679688,-0.10411378741264343,0.19611304998397827,2114.7311384515524,949.8656154020933,167,0
1714.88916015625,0.14809373021125793,0.1961163878440857,2114.1320528010865,949.6488585269368,168,0
1714.9099731445312,0.042403995990753174,0.19613341987133026,2114.8871678009473,949.6867912886279,169,0
1714.9308471679688,-0.010493993759155273,0.19611306488513947,2114.7415206871765,949.6966979508734,170,0
1714.95166015625,-0.03388088941574097,0.19611309468746185,2114.7881113930066,949.8248818315491,171,0
1714.9724731445312,0.19514170289039612,0.19611984491348267,2113.944007433527,949.9233422770001,172,0
1714.9933471679688,0.06151828169822693,0.19613346457481384,2114.8949572813704,949.5164504460515,173,0
1715.01416015625,0.04097631573677063,0.19614355266094208,2114.9062446038383,949.5744194672592,174,0
1715.0349731445312,0.10636422038078308,0.1961164027452469,2114.3630544579223,949.7023289007619,175,0
1715.0558471679688,0.07815954089164734,0.19615383446216583,2114.500893267569,949.7331898180156,176,0
1715.07666015625,-0.1382770538330078,0.19611307978630066,2115.090226845134,949.7248202592131,177,0
1715.0974731445312,0.06978633999824524,0.19611302018165588,2114.6318386034545,949.7644139413605,178,0
1715.1183471679688,-0.0837862491607666,0.19613665342330933,2115.1395787746887,949.7138052161753,179,0
1715.13916015625,0.021293461322784424,0.19611303508281708,2114.7883571018997,949.6735403800313,180,0
1715.1599731445312,-0.0864613950252533,0.19611983001232147,2115.0815546207773,949.6949970686701,181,0
1715.1808471679688,0.05304846167564392,0.19611310958862305,2114.5893617371103,949.6076499063803,182,0
1715.20166015625,0.06705036759376526,0.19611307978630066,2114.8339916923283,949.4478945837285,183,0
1715.2224731445312,0.05497461557388306,0.19611302018165588,2114.551586684006,949.5193883493914,184,0
1715.2433471679688,-0.026940912008285522,0.19611302018165588,2114.9052488649377,949.8007762634443,185,0
1715.26416015625,0.07329779863357544,0.1961130052804947,2114.6255866023075,949.7729420545254,186,0
1715.2849731445312,-0.029670357704162598,0.19611309468746185,2114.918231692586,949.9565128775297,187,0
1715.3058471679688,0.10325169563293457,0.19611309468746185,2114.6795577148873,949.6405989010938,188,0
1715.32666015625,-0.09852373600006104,0.19611310958862305,2115.099824909353,949.9233825641729,189,0
1715.3474731445312,-0.12456265091896057,0.19611307978630066,2114.7625688840117,949.7359758250035,190,0
1715.3683471679688,0.22639602422714233,0.19611309468746185,2114.2715925745424,949.7062238052889,191,0
1715.38916015625,-0.018453657627105713,0.1961231827735901,2114.618620802624,950.0611803033707,192,0
1715.4099731445312,-0.10806342959403992,0.1961129754781723,2114.8718114219973,949.7382794826497,193,0
1715.4308471679688,0.08953237533569336,0.19611647725105286,2114.5313537778698,949.9422491520656,194,0
1715.45166015625,0.0014079511165618896,0.19615043699741364,2114.528176341967,949.6353122498623,195,0
1715.4724731445312,0.09381866455078125,0.1961231529712677,2114.5484920530434,949.6272640767567,196,0
1715.4933471679688,-0.060077786445617676,0.19611307978630066,2114.8293951523274,949.767428023892,197,0
1715.51416015625,0.04089212417602539,0.19613002240657806,2114.6968335889437,949.4250611148874,198,0
1715.5349731445312,0.038253337144851685,0.1961231231689453,2114.6660935241453,949.6147894300639,199,0
1715.5558471679688,0.02133733034133911,0.19613006711006165,2114.5390886782634,949.6791052262616,200,0
1715.57666015625,-0.09525233507156372,0.19611303508281708,2114.9462889861147,949.7070808623312,201,0
1715.5974731445312,-0.15396681427955627,0.19611643254756927,2115.0070049331134,949.7278868005541,202,0
1715.6183471679688,-0.06076839566230774,0.19611302018165588,2114.9412255297034,949.7052855381384,203,0
1715.63916015625,-0.004079043865203857,0.19611304998397827,2114.797477389043,949.6459716408452,204,0
1715.6808471679688,0.015449196100234985,0.19611306488513947,2114.614148204988,949.6530132705936,205,0
1715.70166015625,0.030870378017425537,0.1961129903793335,2114.8591306154663,949.8464465081231,206,0
1715.7224731445312,0.14376121759414673,0.1961130052804947,2114.2966731169336,949.6586628026042,207,0
1715.7433471679688,-0.0035047531127929688,0.19611302018165588,2114.711081020893,949.8571399746262,208,0
1715.76416015625,0.04862526059150696,0.1961061954498291,2114.979861207954,949.8556668765507,209,0
1715.7849731445312,-0.12743765115737915,0.19611309468746185,2114.924014544865,949.7232640510946,210,0
1715.8058471679688,-0.09905079007148743,0.1961164027452469,2114.910498858044,949.8709667600457,211,0
1715.82666015625,0.10228782892227173,0.1961130052804947,2113.7361360813766,950.1488016519402,212,0
1715.8474731445312,0.048179835081100464,0.19611306488513947,2114.5474047331145,949.8385601302406,213,0
1715.8683471679688,0.07727587223052979,0.19611302018165588,2114.573657467119,949.6717923050442,214,0
1715.88916015625,0.037762194871902466,0.1961095929145813,2114.8027562943857,949.7490239746292,215,0
1715.9099731445312,0.13935554027557373,0.19611990451812744,2114.334588551935,949.7226934377509,216,0
1715.9308471679688,0.05310243368148804,0.19610966742038727,2114.5996638949073,949.7454104732378,217,0
1715.95166015625,0.09789502620697021,0.19611303508281708,2114.413213650258,950.0090773721071,218,0
1715.9724731445312,-0.15690970420837402,0.19611306488513947,2115.042545365287,949.8915488383914,219,0
1715.9933471679688,0.029019176959991455,0.1961163878440857,2114.597829679335,949.7951419372984,220,0
1716.01416015625,0.013471722602844238,0.1961163729429245,2114.6556394849513,949.7562636532399,221,0
1716.0349731445312,-0.10369932651519775,0.19611988961696625,2114.9249218015784,949.6423301988456,222,0
1716.0558471679688,-0.04974040389060974,0.19615380465984344,2114.768372218841,949.7186453181021,223,0
1716.07666015625,0.08071693778038025,0.19615380465984344,2114.6485274365336,949.5713334777723,224,0
1716.0974731445312,0.025998413562774658,0.19615043699741364,2114.4556993333117,950.0098885448193,225,0
1716.1183471679688,-0.03016379475593567,0.1961231827735901,2114.6563113100374,949.8976364912937,226,0
1716.13916015625,0.08308938145637512,0.19613666832447052,2114.7869288714433,949.8145232453536,227,0
1716.1599731445312,0.029731571674346924,0.19612319767475128,2114.568077253892,949.8299614427925,228,0
1716.1808471679688,0.10174089670181274,0.19614365696907043,2114.5912804386176,949.4480831440864,229,0
1716.20166015625,0.021925359964370728,0.19611306488513947,2114.362424885589,949.7106504991074,230,0
1716.2224731445312,0.004893690347671509,0.19611310958862305,2114.69334059474,949.953354095522,231,0
1716.2433471679688,-0.13293775916099548,0.1961299628019333,2115.040726156238,949.8368465309127,232,0
1716.26416015625,0.10441598296165466,0.19612322747707367,2114.3675030058657,949.6651682017771,233,0
1716.2849731445312,-0.08572620153427124,0.19611981511116028,2115.029464222606,949.6444102306681,234,0
1716.3058471679688,0.06018587946891785,0.19611309468746185,2114.5627770720716,949.7538106181144,235,0
1716.32666015625,-0.03804996609687805,0.19611306488513947,2114.887035119453,949.9567146398836,236,0
1716.3474731445312,0.12466159462928772,0.19614705443382263,2114.7804927770458,949.8332827970144,237,0
1716.3683471679688,-0.016168296337127686,0.19614364206790924,2114.6522950037515,949.9574977626507,238,0
1716.38916015625,-0.12880104780197144,0.19613339006900787,2114.8945342900774,949.9221402325778,239,0
1716.4099731445312,-0.09197324514389038,0.19611641764640808,2115.1057955181327,949.8716876856873,240,0
1716.4308471679688,0.05115354061126709,0.19611303508281708,2114.3755265466584,949.6251027273803,241,0
1716.45166015625,-0.13601845502853394,0.19611644744873047,2115.0888593176505,949.5977818438621,242,0
1716.4724731445312,-0.09539258480072021,0.1961367428302765,2114.88722412921,949.7147866841223,243,0
1716.4933471679688,0.06990671157836914,0.19613680243492126,2114.455199222783,950.0695304726028,244,0
1716.51416015625,0.029678016901016235,0.1961197704076767,2114.330119033304,949.6548701919415,245,0
1716.5349731445312,-0.00605502724647522,0.19611647725105286,2114.681987793937,949.7819371951184,246,0
1716.5558471679688,0.11958229541778564,0.1961129903793335,2113.805633220701,949.6581134069106,247,0
1716.57666015625,0.0026633739471435547,0.19614358246326447,2114.733480063725,950.0541222666745,248,0
1716.5974731445312,0.04623991250991821,0.19615380465984344,2114.227229555424,949.5135038752051,249,0
1716.6183471679688,-0.023637712001800537,0.19615378975868225,2114.571023463679,949.8080238206675,250,0
1716.63916015625,-0.048054784536361694,0.19615381956100464,2114.9131354297087,949.6845268148888,251,0
1716.6599731445312,-0.001939922571182251,0.19615040719509125,2114.9165707391,949.6923649134358,252,0
1716.6808471679688,-0.09674990177154541,0.19613680243492126,2114.8360277771744,949.7864670893913,253,0
1716.70166015625,0.08418574929237366,0.19612322747707367,2114.484098977021,949.8721987804959,254,0
1716.7224731445312,-0.10354289412498474,0.19611303508281708,2114.829879026651,949.8298176034306,255,0
1716.7433471679688,-0.054418861865997314,0.19615380465984344,2114.7189655090915,949.6572459750987,256,0
1716.76416015625,-0.11282718181610107,0.19615381956100464,2114.8830305683023,949.8323498797727,257,0
1716.7849731445312,-0.08648428320884705,0.19611306488513947,2114.7991827936435,949.6293213659184,258,0
1716.8058471679688,-0.051725804805755615,0.1961129903793335,2114.89461719783,949.7261121795002,259,0
1716.82666015625,-0.09466376900672913,0.19612319767475128,2115.03455165173,949.3839309267615,260,0
1716.8474731445312,-0.018494516611099243,0.19612662494182587,2114.570904249806,949.7165484169672,261,0
1716.8683471679688,-0.036985933780670166,0.19613684713840485,2114.6001500988527,949.8540563036235,262,0
1716.88916015625,-0.011147618293762207,0.19612661004066467,2114.431148684153,949.660165292403,263,0
1716.9099731445312,-0.09620368480682373,0.19614015519618988,2114.528979980845,949.763685130079,264,0
1716.9308471679688,0.10638681054115295,0.19612319767475128,2114.5604249538164,949.6612631627382,265,0
1716.95166015625,-0.08960691094398499,0.19611984491348267,2114.990958307395,949.7399098313286,266,0
1716.9724731445312,-0.04300588369369507,0.19613006711006165,2114.893326745132,949.8178456038162,267,0
1716.9933471679688,-0.07543143630027771,0.19614015519618988,2114.886245047825,949.6308900044495,268,0
1717.01416015625,0.09529605507850647,0.19612663984298706,2114.3594745827836,950.1264736527944,269,0
1717.0349731445312,-0.2128029465675354,0.1961231827735901,2115.09909859105,949.8140555939727,270,0
1717.0558471679688,0.05179503560066223,0.19614706933498383,2114.222789951055,949.8838832066141,271,0
1717.07666015625,-0.025424987077713013,0.19614358246326447,2114.620379968449,949.8524209027224,272,0
1717.0974731445312,-0.14977490901947021,0.19615043699741364,2114.940329720904,949.866737721531,273,0
1717.1183471679688,-0.08147755265235901,0.1961197704076767,2114.7642136999316,949.7443170711264,274,0
1717.13916015625,-0.20310944318771362,0.19615383446216583,2115.063997448399,949.8078255714,275,0
1717.1599731445312,-0.07599186897277832,0.1961367428302765,2114.7289154715672,949.6476557392156,276,0
1717.1808471679688,-0.13213154673576355,0.1961435228586197,2114.9169853399285,949.9615294406927,277,0
1717.20166015625,-0.032722800970077515,0.1961163729429245,2114.5448724401003,949.5152347936972,278,0
1717.2224731445312,0.030000507831573486,0.19611304998397827,2114.3178432822524,949.9429822246518,279,0
1717.2433471679688,-0.08700868487358093,0.19613343477249146,2114.8435613536235,949.7498332749592,280,0
1717.26416015625,-0.019441932439804077,0.19615384936332703,2114.613803623624,949.7918798531696,281,0
1717.2849731445312,-0.15526658296585083,0.19615377485752106,2115.021125605098,949.7158911747262,282,0
1717.3058471679688,0.05645042657852173,0.19615040719509125,2114.315662638014,949.9401007920458,283,0
1717.32666015625,0.04770544171333313,0.1961265504360199,2114.524355376052,949.892037587554,284,0
1717.3474731445312,-0.10542994737625122,0.19611984491348267,2114.8498855052844,949.7884571509444,285,0
1717.3683471679688,-0.007936745882034302,0.19615043699741364,2115.0892028135236,949.8116733849739,286,0
1717.38916015625,-0.04682186245918274,0.19613680243492126,2115.066720620823,949.673720736947,287,0
1717.4099731445312,0.12941375374794006,0.1961265355348587,2114.1964817279995,949.7547624468463,288,0
1717.4308471679688,-0.14021334052085876,0.19614015519618988,2115.1014077421337,949.8140701808807,289,0
1717.45166015625,-0.06701803207397461,0.19611644744873047,2114.63265393109,949.7656972698906,290,0
1717.4724731445312,-0.12474438548088074,0.19611306488513947,2114.9232568177968,950.0450656267351,291,0
1717.4933471679688,-0.0706203281879425,0.19611304998397827,2114.6128169139056,949.8027205809079,292,0
1717.51416015625,-0.10581713914871216,0.19611302018165588,2114.967639887798,949.8738817394393,293,0
1717.5349731445312,-0.13886448740959167,0.19615378975868225,2115.013263195849,949.8202483676341,294,0
1717.5558471679688,-0.023401588201522827,0.19614355266094208,2114.650474244416,949.813400670699,295,0
1717.57666015625,0.0022792816162109375,0.19615043699741364,2114.6456088403747,949.7218750552884,296,0
1717.5974731445312,-0.11922299861907959,0.1961299031972885,2114.925469852849,949.8393410404361,297,0
1717.6183471679688,-0.1661870777606964,0.19613343477249146,2114.9338841279855,949.9622527061241,298,0
1717.63916015625,-0.08042213320732117,0.19612665474414825,2114.6507180907956,949.8229288360773,299,0
1717.6599731445312,-0.07972609996795654,0.1961401253938675,2114.747049257278,949.6511510315272,300,0
1717.6808471679688,-0.11805522441864014,0.1961130052804947,2114.866784109727,949.8162280132634,301,0
1717.70166015625,-0.03500571846961975,0.19611307978630066,2114.762435348041,949.6905552270453,302,0
1717.7224731445312,-0.17291826009750366,0.19615033268928528,2114.938703270256,949.7370598027989,303,0
1717.7433471679688,0.016462862491607666,0.19612325727939606,2114.2855441998154,949.6053061297092,304,0
1717.76416015625,-0.03360256552696228,0.19611304998397827,2114.869042100952,949.6360106380093,305,0
1717.7849731445312,-0.1391368806362152,0.19614700973033905,2114.63384167012,949.776487743558,306,0
1717.8058471679688,0.03060421347618103,0.19614021480083466,2114.8056188993614,949.7965522030978,307,0
1717.82666015625,0.022655516862869263,0.19615384936332703,2114.5631072428273,949.7924458673504,308,0
1717.8474731445312,-0.17873990535736084,0.1961129903793335,2114.88461254736,949.6997498932244,309,0
1717.8683471679688,-0.0894353985786438,0.1961129903793335,2114.930480388755,949.8737077227462,310,0
1717.88916015625,-0.049530476331710815,0.19612661004066467,2114.7884333724865,949.9114232471004,311,0
1717.9099731445312,-0.08204427361488342,0.19611647725105286,2115.0731629670813,949.7080592277225,312,0
1717.9308471679688,-0.14487341046333313,0.19611303508281708,2114.8617402847553,949.7406038404519,313,0
1717.95166015625,-0.054113686084747314,0.1961231827735901,2114.5175091888764,949.7974330274997,314,0
1717.9724731445312,-0.14278703927993774,0.19611984491348267,2114.9090223258922,949.9205717627581,315,0
1717.9933471679688,-0.3021601140499115,0.1961130052804947,2115.0803987888517,949.7301944756218,316,0
1718.01416015625,0.004943430423736572,0.19611306488513947,2114.5388087325887,949.7306289402818,317,0
1718.0349731445312,-0.1016877293586731,0.19611984491348267,2114.8700550882327,949.709699541234,318,0
1718.0558471679688,-0.08560401201248169,0.19614700973033905,2114.706877613454,949.8199822132557,319,0
1718.07666015625,0.019496053457260132,0.19613341987133026,2114.4787332921514,949.7936073285697,320,0
1718.0974731445312,0.07868143916130066,0.1961367428302765,2114.233486624524,949.6386245103348,321,0
1718.1183471679688,-0.07219898700714111,0.19615043699741364,2114.955967612374,949.9149193979486,322,0
1718.13916015625,0.053679853677749634,0.19613000750541687,2114.5699358169154,949.6470290172341,323,0
1718.1599731445312,0.024614602327346802,0.19613663852214813,2114.743296548309,949.7305106219067,324,0
1718.1808471679688,-0.04277002811431885,0.1961129903793335,2114.420458818448,949.5270593212738,325,0
1718.20166015625,-0.05281490087509155,0.19611310958862305,2114.704786951164,949.8105549431691,326,0
1718.2224731445312,-0.1186867356300354,0.1961163729429245,2114.7149655369144,949.8745620584824,327,0
1718.2433471679688,-0.12552961707115173,0.19614022970199585,2114.7894310501792,949.7934593254811,328,0
1718.26416015625,-0.16970694065093994,0.19615043699741364,2115.105902366973,949.9238215985761,329,0
1718.2849731445312,-0.003414154052734375,0.19615380465984344,2114.737521037056,949.5995832451271,330,0
1718.3058471679688,-0.13087674975395203,0.19611304998397827,2114.805351540627,949.8633459974976,331,0
1718.32666015625,0.11118355393409729,0.19611306488513947,2114.2295633269036,949.7123674629458,332,0
1718.3474731445312,-0.09939554333686829,0.1961231529712677,2114.7686244270835,949.7504019179726,333,0
1718.3683471679688,-0.05488339066505432,0.19612322747707367,2114.800580736872,949.8523403646658,334,0
1718.38916015625,-0.14824923872947693,0.1961129605770111,2114.868730581387,949.8477776549589,335,0
1718.4099731445312,0.09468433260917664,0.19611307978630066,2114.418219106244,949.9337813735965,336,0
1718.4308471679688,-0.20235562324523926,0.19615384936332703,2114.816503762524,949.7922957973598,337,0
1718.45166015625,-0.07410719990730286,0.19615033268928528,2114.8562096734886,949.8136367778018,338,0
1718.4724731445312,-0.0714031457901001,0.1961469054222107,2114.758446607045,949.6919717028541,339,0
1718.4933471679688,0.08542433381080627,0.19614702463150024,2114.015037431194,949.742240822593,340,0
1718.51416015625,-0.23925462365150452,0.19614353775978088,2115.0869268964484,949.9059418527584,341,0
1718.5349731445312,-0.04753267765045166,0.19613327085971832,2114.725337523237,949.7678565708837,342,0
1718.5558471679688,-0.16230788826942444,0.19615033268928528,2114.878672241706,949.8100382951214,343,0
1718.57666015625,-0.12634581327438354,0.19615378975868225,2114.9339673284794,950.0449611148609,344,0
1718.5974731445312,-0.12425500154495239,0.19612661004066467,2114.808215268857,949.9219016699907,345,0
1718.6183471679688,-0.2787491977214813,0.19611310958862305,2115.1189302363146,949.7162930466219,346,0
1718.63916015625,-0.2029215693473816,0.19611309468746185,2114.8125981983317,949.9322399511893,347,0
1718.6599731445312,-0.036359578371047974,0.19615033268928528,2114.877064229242,949.6873271218361,348,0
1718.6808471679688,-0.03518757224082947,0.19611304998397827,2114.60760356318,949.5555983295259,349,0
1718.70166015625,-0.13365250825881958,0.19615386426448822,2114.846696507613,949.9622936988861,350,0
1718.7224731445312,-0.18354740738868713,0.19613339006900787,2114.8529494500217,949.8193622063575,351,0
1718.7433471679688,0.01881745457649231,0.19615380465984344,2114.652693800034,949.8560992870342,352,0
1718.76416015625,-0.15014967322349548,0.19615383446216583,2115.182391725607,949.7884314823735,353,0
1718.7849731445312,0.0009266138076782227,0.19611306488513947,2114.5917467389836,949.780587370409,354,0
1718.8058471679688,-0.09440016746520996,0.19615377485752106,2114.7766682512274,949.8232486538623,355,0
1718.82666015625,-0.21274682879447937,0.19615384936332703,2114.8927047288234,949.969668002607,356,0
1718.8474731445312,-0.16556012630462646,0.19615380465984344,2114.7427631173346,949.7275829469104,357,0
1718.8683471679688,-0.0726710855960846,0.19613005220890045,2114.9544941652157,949.8752524743061,358,0
1718.88916015625,-0.20232334733009338,0.19612663984298706,2114.84780590017,949.9272419488618,359,0
1718.9099731445312,-0.08433583378791809,0.19611984491348267,2114.923455178476,949.5878022183184,360,0
1718.9308471679688,-0.07523652911186218,0.19613680243492126,2114.9952941292877,949.7202716085576,361,0
1718.95166015625,-0.2241670787334442,0.19613328576087952,2114.8484599007043,949.935007726329,362,0
1718.9724731445312,-0.07548496127128601,0.19611647725105286,2114.689379467673,949.5678523816533,363,0
1718.9933471679688,-0.1058623194694519,0.19611310958862305,2114.988690242187,949.7594378822937,364,0
1719.01416015625,-0.1746559739112854,0.1961163729429245,2114.7314084196764,949.7724636413972,365,0
1719.0349731445312,-0.20361590385437012,0.19615037739276886,2114.888586268716,949.8241136719248,366,0
1719.0558471679688,-0.1717146635055542,0.19611310958862305,2114.901252749969,949.9220960746704,367,0
1719.07666015625,-0.0417824387550354,0.19611641764640808,2114.8587546326467,949.8032747140174,368,0
1719.0974731445312,-0.12877699732780457,0.1961400806903839,2114.847868728339,949.7468393560614,369,0
1719.1183471679688,-0.00502893328666687,0.19615042209625244,2114.554139077433,949.7151966355235,370,0
1719.13916015625,-0.06432178616523743,0.19611649215221405,2114.759181712934,949.6935087097088,371,0
1719.1599731445312,0.0028301775455474854,0.1961130052804947,2114.6346708830524,949.7220354405935,372,0
1719.1808471679688,-0.0477156937122345,0.19612658023834229,2114.6928777400535,949.6630957404014,373,0
1719.20166015625,-0.1353321671485901,0.19615377485752106,2115.161818844212,949.967458942272,374,0
1719.2224731445312,-0.054045289754867554,0.19615043699741364,2115.003318879988,949.7420614503017,375,0
1719.2433471679688,-0.20728307962417603,0.19614017009735107,2114.9754730655513,949.9278104998641,376,0
1719.26416015625,-0.13426810503005981,0.19615383446216583,2114.70686323456,949.8758965873697,377,0
1719.2849731445312,-0.29416513442993164,0.19615386426448822,2115.1472585716606,949.8719494229936,378,0
1719.3058471679688,0.04188087582588196,0.19615037739276886,2114.661447080426,949.9561544688958,379,0
1719.32666015625,0.07015624642372131,0.19615381956100464,2114.401099653788,949.7690569363715,380,0
1719.3474731445312,0.015360146760940552,0.19615036249160767,2114.295314925715,949.8903626341222,381,0
1719.3683471679688,-0.10176968574523926,0.19615380465984344,2114.5846660704096,949.5906978264082,382,0
1719.38916015625,-0.12474533915519714,0.19615384936332703,2114.8399349998604,949.8712170176545,383,0
1719.4099731445312,-0.12497526407241821,0.19615375995635986,2114.635698879895,949.7767859923845,384,0
1719.4308471679688,-0.11697530746459961,0.19615380465984344,2114.8477631186765,949.7559688170944,385,0
1719.45166015625,0.04322618246078491,0.19615384936332703,2114.709210737862,949.4829038443778,386,0
1719.4724731445312,-0.09532937407493591,0.19615384936332703,2114.6967125722003,949.9131450084138,387,0
1719.4933471679688,-0.18288353085517883,0.19615383446216583,2115.050847537124,949.6346368974007,388,0
1719.51416015625,-0.13258486986160278,0.19615043699741364,2114.9540654811117,950.0067493523796,389,0
1719.5349731445312,-0.33978915214538574,0.19615375995635986,2115.1284837560497,949.9724822355779,390,0
1722.9307861328125,-0.16319787502288818,0.19614359736442566,2114.8984339854383,949.9290076068181,391,0
1722.9515991210938,-0.12138605117797852,0.19612322747707367,2114.846398363142,950.0408676717485,392,0
1722.9724731445312,-0.3176926374435425,0.19615380465984344,2115.020035094573,950.0197963514319,393,0
1722.9932861328125,-0.03668177127838135,0.19615043699741364,2114.6881554220936,950.1138239657474,394,0
1723.0140991210938,-0.2534239888191223,0.19615381956100464,2115.006812354133,950.003071057673,395,0
1723.0349731445312,-0.24625319242477417,0.19615380465984344,2114.9913238743625,950.0620006437471,396,0
1723.0557861328125,-0.22325700521469116,0.19615384936332703,2115.028099141352,950.0633874279378,397,0
1723.0765991210938,-0.17928820848464966,0.19614355266094208,2115.0228251527615,950.0035070818944,398,0
1723.0974731445312,-0.2666240930557251,0.19615380465984344,2115.041595881556,950.0666816968611,399,0
1723.1182861328125,-0.3591305613517761,0.19615386426448822,2114.9954316938342,949.9635068379981,400,0
1723.1390991210938,-0.09075164794921875,0.19615378975868225,2114.814915990289,950.0538154491061,401,0
1723.1599731445312,-0.14636766910552979,0.19615043699741364,2114.8798325758085,950.0040584173374,402,0
1723.1807861328125,-0.3388693332672119,0.19615380465984344,2114.9264193849626,950.1282260914121,403,0
1723.2015991210938,-0.30338042974472046,0.19615384936332703,2115.004235646756,950.0495310645905,404,0
1723.2224731445312,-0.2813079357147217,0.19615383446216583,2114.8072073546764,950.0509833804665,405,0
1723.2432861328125,-0.4135892391204834,0.19615377485752106,2114.9977273537015,950.0244569524592,406,0
1723.2640991210938,-0.3040112257003784,0.1961333304643631,2114.88918050094,950.1406068038907,407,0
1723.2849731445312,-0.4724234938621521,0.19615380465984344,2114.9141081557095,950.0485757719371,408,0
1723.3057861328125,-0.3359566330909729,0.19615381956100464,2114.882499474859,949.9577023037095,409,0
1723.3265991210938,-0.40712058544158936,0.19615039229393005,2114.996442227498,950.0039050147361,410,0
1723.3474731445312,-0.377585232257843,0.19615383446216583,2114.9945674158216,950.0040465945941,411,0
1723.3682861328125,-0.23855817317962646,0.19615384936332703,2114.9219363205757,950.0045492894809,412,0
1723.3890991210938,-0.3719446659088135,0.19615381956100464,2115.139732209468,949.978582336296,413,0
1723.4099731445312,-0.011376917362213135,0.19615384936332703,2114.83447459293,950.0458974725814,414,0
1723.4307861328125,-0.13131994009017944,0.19615381956100464,2114.97784700054,950.0724220394895,415,0
1723.4515991210938,-0.10004472732543945,0.19615040719509125,2114.9508520010163,949.7855577836519,416,0
1723.4724731445312,-0.13635438680648804,0.19611984491348267,2115.047348943066,949.764132693751,417,0
1723.4932861328125,-0.16632214188575745,0.19615036249160767,2114.8914877215807,949.7882355185386,418,0
1723.5140991210938,-0.19057464599609375,0.19615384936332703,2114.880853462959,949.8336610401687,419,0
1723.5349731445312,-0.10972756147384644,0.19615384936332703,2114.8966841867723,949.886384222621,420,0
1723.5557861328125,-0.039381563663482666,0.19615381956100464,2114.9227099112345,949.7539474997891,421,0
1723.5765991210938,-0.1846650242805481,0.19615381956100464,2114.9505055493787,949.8222039401934,422,0
1723.5974731445312,0.09375125169754028,0.19615381956100464,2114.276559631587,949.768493521987,423,0
1723.6182861328125,-0.08747127652168274,0.19615384936332703,2114.823918210577,949.9216348830785,424,0
1723.6390991210938,-0.2864493727684021,0.19613680243492126,2115.090085926738,949.8767668137646,425,0
1723.6599731445312,-0.34468793869018555,0.19615380465984344,2115.1515388687967,949.6856704201566,426,0
1723.6807861328125,-0.14714482426643372,0.19615381956100464,2114.7625350504245,949.6929511317401,427,0
1723.7015991210938,-0.07096326351165771,0.19615384936332703,2114.583779525316,949.7202557816219,428,0
1723.7224731445312,0.02903077006340027,0.19615384936332703,2114.51802042955,949.9012005402944,429,0
1723.7432861328125,-0.20722636580467224,0.19615386426448822,2115.0125651854205,949.8983883952925,430,0
1723.7640991210938,-0.05204707384109497,0.19615381956100464,2115.050533668295,949.9107831075721,431,0
1723.7849731445312,-0.044480741024017334,0.19615381956100464,2114.924304319851,949.8170183353812,432,0
1723.8057861328125,-0.0654439628124237,0.19615384936332703,2115.136718680767,950.0091282143078,433,0
1723.8265991210938,-0.07495936751365662,0.19615380465984344,2115.011904854191,949.7324200056846,434,0
1723.8474731445312,0.06738373637199402,0.19615380465984344,2114.419473765867,949.8712639243148,435,0
1724.9724731445312,-0.03826171159744263,0.19613336026668549,2115.093144144466,950.0056413194984,436,0
1724.9932861328125,-0.11282587051391602,0.19611980020999908,2115.1669660507714,949.5616745217857,437,0
1725.0140991210938,-0.15528911352157593,0.19611984491348267,2115.1521730119243,950.005797207192,438,0
1725.0349731445312,0.042886883020401,0.19612999260425568,2114.6646210016233,949.9504611805228,439,0
1725.0557861328125,-0.1025201678276062,0.19611309468746185,2114.9092071746986,949.9093065205051,440,0
1725.0765991210938,-0.09925070405006409,0.1961265504360199,2114.8595181201536,949.8678155875924,441,0
1725.0974731445312,0.05889827013015747,0.19612647593021393,2114.554077322852,950.2723507986251,442,0
1725.1182861328125,0.04990255832672119,0.19611307978630066,2114.404349438248,949.8880495774737,443,0
1725.1390991210938,0.08879181742668152,0.19611303508281708,2114.419508348803,949.7100600711269,444,0
1725.1599731445312,0.010987013578414917,0.19611310958862305,2114.393493777167,949.6811631237682,445,0
1725.1807861328125,0.056180745363235474,0.19611646234989166,2114.107568249977,949.8064547343877,446,0
1725.2015991210938,-0.12262499332427979,0.1961129903793335,2114.9304957569857,949.8629859083151,447,0
1725.2224731445312,-0.03559654951095581,0.19614696502685547,2114.6906373849893,949.7192287466457,448,0
1725.2432861328125,-0.2468852996826172,0.19615378975868225,2115.07915800155,949.9338335962293,449,0
1725.2640991210938,-0.13492465019226074,0.19614018499851227,2115.2022073605062,949.804830916823,450,0
1725.2849731445312,0.04859921336174011,0.19615040719509125,2114.572735224724,949.9492397045474,451,0
1725.3057861328125,-0.09587833285331726,0.19615043699741364,2114.6225725729796,949.8010206239484,452,0
1725.3265991210938,-0.11207005381584167,0.19614700973033905,2115.277517445958,949.8420821306997,453,0
1725.3474731445312,0.0745769739151001,0.19615380465984344,2114.8816718007006,949.3096549875564,454,0
1725.3682861328125,0.06562891602516174,0.19615377485752106,2114.7235272351436,949.8048752289865,455,0
1725.3890991210938,-0.16582387685775757,0.19615380465984344,2114.9445202830802,949.9241606315995,456,0
1725.4099731445312,-0.11365985870361328,0.1961366832256317,2115.098789348837,949.7879956545944,457,0
1725.4307861328125,-0.1097821593284607,0.19614358246326447,2115.0533527832677,949.8058336885723,458,0
1725.4515991210938,0.13138535618782043,0.19615384936332703,2114.423111711132,949.9415645311501,459,0
1725.472412109375,0.03321784734725952,0.19615375995635986,2114.7793774674806,949.6694653583796,460,0
1725.4932250976562,-0.07051238417625427,0.19615386426448822,2114.9925392070736,949.828691089432,461,0
1725.5140991210938,-0.07155293226242065,0.19615386426448822,2114.986222442709,949.8725173094892,462,0
1725.534912109375,0.023600608110427856,0.19615034759044647,2114.8708228477262,949.6793387775274,463,0
1725.5557250976562,-0.08842262625694275,0.19615384936332703,2114.8837393366257,949.7801224431956,464,0
1725.5765991210938,-0.032021164894104004,0.19615383446216583,2115.0356623807415,949.7121676385543,465,0
1725.597412109375,-0.07559821009635925,0.19615377485752106,2115.1465140017576,949.8821993096416,466,0
1725.6182250976562,0.0028100013732910156,0.19615383446216583,2114.8777047891294,949.8090637506306,467,0
1725.6390991210938,-0.13279056549072266,0.19615384936332703,2115.1190558317667,950.1293869135673,468,0
1725.659912109375,-0.09698370099067688,0.19615381956100464,2114.81927925445,949.9561528344655,469,0
1725.6807250976562,-0.2059468924999237,0.19615386426448822,2115.0910003280146,949.8209036015206,470,0
1725.7015991210938,-0.06253987550735474,0.19615384936332703,2114.8917540548714,949.8719981498936,471,0
1725.722412109375,-0.06952458620071411,0.19615381956100464,2114.924737443714,949.7694562141658,472,0
1725.7432250976562,-0.023691266775131226,0.19615380465984344,2114.779198315946,950.0087946146848,473,0
1725.7640991210938,-0.11883366107940674,0.19615375995635986,2115.0135487832617,950.0946316082096,474,0
1725.784912109375,0.004966080188751221,0.19615036249160767,2115.0438363676376,949.9544242213444,475,0
1725.8057250976562,0.06379273533821106,0.19614364206790924,2114.6026041111954,949.8842342517722,476,0
1725.8265991210938,0.012547075748443604,0.19611310958862305,2114.337742138442,949.8240275894817,477,0
1725.847412109375,-0.020536690950393677,0.19615040719509125,2114.985201354037,949.8448461647126,478,0
1725.8682250976562,0.004323691129684448,0.19615386426448822,2115.01855402457,949.8499286694108,479,0
1725.8890991210938,0.017009973526000977,0.19615033268928528,2114.673652675477,950.0100240254524,480,0
1725.909912109375,-0.05666890740394592,0.1961435228586197,2114.9960727792627,949.6660722722711,481,0
1725.972412109375,0.0313449501991272,0.1961367279291153,2114.768813710879,949.6504103984761,482,0
1725.9932250976562,-0.08070343732833862,0.1961163878440857,2115.0546361047986,949.8213832418804,483,0
1726.0140991210938,-0.05587881803512573,0.19613006711006165,2114.882589485166,949.7699644528034,484,0
1726.034912109375,-0.026797115802764893,0.19613683223724365,2115.0322343120706,949.9090018067624,485,0
1726.0557250976562,-0.06322234869003296,0.19611310958862305,2114.7976253683146,950.0998063316731,486,0
1726.0765991210938,-0.00363275408744812,0.1961197555065155,2114.6588735895502,949.9120150042442,487,0
1726.097412109375,-0.13013482093811035,0.19611303508281708,2115.1238251047603,949.6823663206227,488,0
1726.1182250976562,0.028285831212997437,0.19615384936332703,2114.6586448061144,949.6106725348062,489,0
1726.1390991210938,-0.036374062299728394,0.1961163729429245,2114.7131378739064,949.6454522931864,490,0
1726.159912109375,-0.2608558237552643,0.19611980020999908,2114.9703257407655,949.864471922009,491,0
1726.1807250976562,0.00703507661819458,0.19611307978630066,2114.3712029947233,949.8362441590108,492,0
1726.2015991210938,-0.08068561553955078,0.19614700973033905,2114.810087428825,949.7655658788937,493,0
1726.222412109375,0.010225951671600342,0.19615386426448822,2114.8744397018227,950.008982077976,494,0
1726.2432250976562,-0.08667963743209839,0.19615037739276886,2114.957761855113,950.0515073756875,495,0
1726.2640991210938,-0.14561977982521057,0.19611647725105286,2114.987805812728,949.7716331171594,496,0
1726.284912109375,-0.09051406383514404,0.19613336026668549,2114.8921864275244,949.6925103409017,497,0
1726.3057250976562,-0.10841509699821472,0.19615036249160767,2114.871159504555,949.6111241117214,498,0
1726.3265991210938,-0.05591621994972229,0.19614021480083466,2115.153128093464,949.9204348643266,499,0
1726.347412109375,-0.07610484957695007,0.1961401402950287,2114.699320304545,949.9115093928585,500,0
1726.3682250976562,-0.09283781051635742,0.1961130052804947,2114.468108508571,950.0540831385724,501,0
1726.3890991210938,-0.11259093880653381,0.1961299031972885,2114.9025844686334,949.7398898301791,502,0
1726.409912109375,0.028110414743423462,0.19615037739276886,2114.6213038795904,949.8924307973509,503,0
1726.4307250976562,-0.009896516799926758,0.19614700973033905,2114.900226141445,949.52183352147,504,0
1726.4515991210938,-0.044057697057724,0.19615383446216583,2114.715788345135,949.7569880187785,505,0
1726.472412109375,-0.051183849573135376,0.19614362716674805,2114.6995470502907,950.0078138787985,506,0
1726.4932250976562,0.01758834719657898,0.19612325727939606,2114.8958485802923,949.5316215681519,507,0
1726.5140991210938,-0.12932023406028748,0.19614700973033905,2115.0286156178286,949.848242923017,508,0
1726.534912109375,0.005365192890167236,0.19611641764640808,2114.4557197814493,949.6872433326577,509,0
1726.5557250976562,-0.3127343952655792,0.19612319767475128,2115.196928843215,949.8742178393159,510,0
1726.5765991210938,-0.06983420252799988,0.19615043699741364,2115.089878866239,949.7535796224396,511,0
1726.597412109375,-0.2085987627506256,0.19615375995635986,2115.1122680395765,949.8554503253727,512,0
1726.6182250976562,-0.16447985172271729,0.19614699482917786,2114.8293506404434,949.7389672709745,513,0
1726.6390991210938,-0.03722989559173584,0.19615381956100464,2114.863093592525,949.914921063112,514,0
1726.659912109375,-0.00906229019165039,0.19613680243492126,2114.586947312899,949.9570937732507,515,0
1726.6807250976562,-0.04687762260437012,0.1961163729429245,2114.9922546441317,949.5637484267872,516,0
1726.7015991210938,-0.16144567728042603,0.19614359736442566,2114.8363423249466,949.8449209637012,517,0
1726.722412109375,0.037433117628097534,0.19612658023834229,2114.5829340466407,949.6125114163856,518,0
1726.7432250976562,-0.03361010551452637,0.1961163729429245,2114.7071930678126,949.8585480935827,519,0
1726.7640991210938,-0.11073696613311768,0.1961164027452469,2114.9417673814514,950.0068064425284,520,0
1726.784912109375,-0.1963454782962799,0.19615384936332703,2115.1723630481165,949.8959165662053,521,0
1726.8057250976562,-0.17343628406524658,0.19611309468746185,2115.0326108920085,949.800848234279,522,0
1726.8265991210938,-0.21827399730682373,0.19611304998397827,2115.0524480839745,949.7324798398752,523,0
1726.847412109375,-0.1206713318824768,0.19611306488513947,2115.0199166120924,949.8747124134117,524,0
1726.8682250976562,-0.1438184380531311,0.19612662494182587,2114.971689792222,949.9347332059863,525,0
1726.8890991210938,-0.10303348302841187,0.19611302018165588,2115.0078162349123,949.7586907664231,526,0
1726.909912109375,-0.07597613334655762,0.19611302018165588,2114.9885098719687,949.8727622808718,527,0
1726.9307250976562,-0.10847529768943787,0.19611304998397827,2114.9539468692324,949.9254613055981,528,0
1726.9515991210938,-0.11231893301010132,0.1961095631122589,2115.087426877458,949.5391506948848,529,0
1726.972412109375,-0.02552586793899536,0.19611302018165588,2114.8833967836085,949.5799944453842,530,0
1726.9932250976562,0.029430866241455078,0.19611309468746185,2114.61142381027,949.776893779029,531,0
1727.0140991210938,-0.14943218231201172,0.1961129754781723,2114.9927115444348,949.8023964686075,532,0
1727.034912109375,-0.026312440633773804,0.19611987471580505,2115.003847339859,949.641278371626,533,0
1727.0557250976562,-0.18582695722579956,0.19611644744873047,2115.1533648758987,949.8637518105984,534,0
1727.0765991210938,-0.05299490690231323,0.19612319767475128,2114.9994199705134,949.9627946511849,535,0
1727.097412109375,0.059397876262664795,0.1961265355348587,2114.645579650589,949.5932892538005,536,0
1727.1182250976562,0.021467149257659912,0.19615381956100464,2114.3493827826287,949.6503473254119,537,0
1727.1390991210938,-0.11736911535263062,0.19613684713840485,2114.954819382036,949.7058809346091,538,0
1727.159912109375,-0.11670100688934326,0.19612663984298706,2114.838989512165,949.7971777171741,539,0
1727.1807250976562,-0.08733895421028137,0.19614021480083466,2115.018848767953,949.8400035549314,540,0
1727.2015991210938,-0.10811501741409302,0.19611309468746185,2114.718956982062,950.0517388689848,541,0
1727.222412109375,-0.0050376057624816895,0.19614015519618988,2114.770887393582,950.1052352100426,542,0
1727.2432250976562,-0.02795824408531189,0.19612322747707367,2114.8444937066224,949.6802762480568,543,0
1727.2640991210938,-0.10327562689781189,0.19612324237823486,2114.7190564743796,949.7480940419435,544,0
1727.284912109375,-0.23991400003433228,0.19614700973033905,2114.907794035203,949.821274445273,545,0
1727.3057250976562,-0.14241471886634827,0.19613343477249146,2115.1255633007577,949.696949437144,546,0
1727.3265991210938,-0.11676228046417236,0.19615386426448822,2114.9864846917058,949.8349013474777,547,0
1727.347412109375,-0.20737385749816895,0.19615037739276886,2115.0942950831127,950.0060853798446,548,0
1727.3682250976562,-0.09373694658279419,0.19614362716674805,2114.4746388557915,949.5951474689725,549,0
1727.3890991210938,-0.13169795274734497,0.19614015519618988,2114.7592621650288,950.0497197088889,550,0
1727.409912109375,0.024973779916763306,0.1961366832256317,2114.7758858823086,949.75889040551,551,0
1727.4307250976562,-0.025874406099319458,0.19615378975868225,2114.60689239793,949.8251031269618,552,0
1727.4515991210938,-0.04656791687011719,0.19613328576087952,2114.67114260277,949.9065098734069,553,0
1727.472412109375,-0.189458966255188,0.19614695012569427,2115.0005416421473,949.78033549791,554,0
1727.4932250976562,-0.10491475462913513,0.1961163729429245,2114.7142793107737,949.8769728871065,555,0
1727.5140991210938,0.07750120759010315,0.19611302018165588,2114.380739949442,949.826832779323,556,0
1727.534912109375,-0.07618319988250732,0.19612997770309448,2114.9136652590455,949.8877802271327,557,0
1727.5557250976562,0.02462822198867798,0.19611307978630066,2114.7037632370816,949.8077403382102,558,0
1727.5765991210938,-0.05882549285888672,0.1961129754781723,2114.784725542298,950.0583477469003,559,0
1727.597412109375,-0.18579909205436707,0.19611304998397827,2115.0183201579207,949.7913832411626,560,0
1727.6182250976562,-0.04529246687889099,0.1961265504360199,2114.774201322604,949.9097166810849,561,0
1727.6390991210938,-0.08915171027183533,0.19613684713840485,2114.9640357157696,949.8814598179338,562,0
1727.659912109375,-0.06395620107650757,0.1961333304643631,2114.562448300215,949.7656964858625,563,0
1727.6807250976562,-0.10948330163955688,0.19611306488513947,2114.8265015199327,949.6893008596572,564,0
1727.7015991210938,-0.03138729929924011,0.1961197406053543,2114.4031256471853,949.7150799644321,565,0
1727.722412109375,-0.056962281465530396,0.1961130052804947,2114.655596206598,949.7178611054998,566,0
1727.7432250976562,-0.0967220664024353,0.19611309468746185,2114.9288247887994,949.9193273437576,567,0
1727.7640991210938,0.0680592954158783,0.19615043699741364,2114.453135281562,949.7480739339582,568,0
1727.784912109375,-0.19882601499557495,0.19614700973033905,2115.0858995340877,949.8943635498725,569,0
1727.8057250976562,-0.13831603527069092,0.19615381956100464,2114.7457105095036,949.8753624348839,570,0
1727.8265991210938,-0.06743621826171875,0.19614696502685547,2114.8601443204734,949.8683074953324,571,0
1727.847412109375,-0.09171542525291443,0.19613006711006165,2114.6757268425567,950.0451626643137,572,0
1727.8682250976562,-0.14763504266738892,0.19611647725105286,2114.811337980762,949.9674281710933,573,0
1727.8890380859375,-0.06609711050987244,0.19611980020999908,2114.6808524912085,949.6119400874119,574,0
1727.9098510742188,-0.01731625199317932,0.1961231827735901,2114.5271728292814,949.7534019691157,575,0
1727.9307250976562,-0.09029185771942139,0.19614015519618988,2114.8852689527125,949.7327874192837,576,0
1727.9515380859375,-0.03276291489601135,0.19611303508281708,2114.5489856742483,950.003755518375,577,0
1727.9723510742188,0.0001958310604095459,0.1961366981267929,2114.734409045609,950.0567707913452,578,0
1727.9932250976562,-0.12741222977638245,0.19614355266094208,2114.720635710035,949.7832989395873,579,0
1728.0140380859375,-0.05134081840515137,0.19613677263259888,2114.800547612334,949.8716968751463,580,0
1728.0348510742188,0.0007351934909820557,0.19611307978630066,2114.426004776691,949.802655702056,581,0
1728.0557250976562,-0.16460376977920532,0.19612319767475128,2115.2147722248296,949.7196422160134,582,0
1728.0765380859375,-0.10432907938957214,0.19611990451812744,2114.8001849794996,949.7725936006111,583,0
1728.0973510742188,-0.09947702288627625,0.19611643254756927,2114.7432343297382,949.6702448169275,584,0
1728.1182250976562,-0.12183845043182373,0.19612988829612732,2115.135099495045,949.7553252061151,585,0
1728.1390380859375,-0.0733332633972168,0.19613324105739594,2114.661603899145,949.8263082442068,586,0
1728.1598510742188,-0.001994997262954712,0.19614018499851227,2114.736781437643,949.7028548476211,587,0
1728.1807250976562,0.06269291043281555,0.19613680243492126,2114.484537114671,949.7014822491717,588,0
1728.2015380859375,-0.04428073763847351,0.19614693522453308,2114.8246264434815,949.6531501720186,589,0
1728.2223510742188,-0.09592872858047485,0.19615384936332703,2114.9103974922073,949.6658654487517,590,0
1728.2432250976562,-0.023550301790237427,0.19615377485752106,2114.7599505955736,949.7741815454044,591,0
1728.2640380859375,-0.1481131911277771,0.19612663984298706,2114.8902866569138,950.041469644617,592,0
1728.2848510742188,-0.04041197896003723,0.19611984491348267,2114.866444923911,949.7220511235159,593,0
1728.3057250976562,-0.30052563548088074,0.19612663984298706,2114.9800237096515,949.8388916394061,594,0
1728.3265380859375,-0.10257938504219055,0.19615378975868225,2114.836452860194,949.8379927937473,595,0
1728.3473510742188,-0.15351712703704834,0.19615384936332703,2114.9913212531296,949.8922930742314,596,0
1728.3682250976562,-0.2568923532962799,0.19615384936332703,2115.0427640453954,949.871340981242,597,0
1728.3890380859375,-0.09051460027694702,0.19615045189857483,2114.9595116515166,949.6980477392219,598,0
1728.4098510742188,-0.055684059858322144,0.19615045189857483,2115.064227675135,949.8254096395681,599,0
1728.4307250976562,0.015565037727355957,0.19615377485752106,2114.667233828387,949.4660909828153,600,0
1728.4515380859375,0.07906150817871094,0.19614695012569427,2114.50428055695,949.8460613502231,601,0
1728.4723510742188,-0.08458799123764038,0.19611983001232147,2114.858427571709,949.7924008919065,602,0
1728.4932250976562,0.020679444074630737,0.1961401104927063,2114.616506272024,949.8464308075163,603,0
1728.5140380859375,-0.09682992100715637,0.19615386426448822,2114.597915494459,949.6961993013405,604,0
1728.5348510742188,-0.24614691734313965,0.19613339006900787,2115.1765214928955,949.705344491734,605,0
1728.5557250976562,-0.059233278036117554,0.1961129903793335,2114.6675344102273,949.6596458360333,606,0
1728.5765380859375,0.08163484930992126,0.19615377485752106,2114.545104320187,950.0786229894806,607,0
1728.5973510742188,-0.16073453426361084,0.19615386426448822,2114.8977417606166,949.9237247773506,608,0
1728.6182250976562,-0.089771568775177,0.19615384936332703,2114.87935634875,949.7879497551686,609,0
1728.6390380859375,-0.0695570707321167,0.19615383446216583,2114.7068968451244,949.5696918922305,610,0
1728.6598510742188,-0.011145859956741333,0.19615043699741364,2114.714055238601,949.6419576380157,611,0
1728.6807250976562,-0.06648752093315125,0.1961367428302765,2114.9334669764594,949.8714227145115,612,0
1728.7015380859375,0.061285585165023804,0.19612319767475128,2114.509542119023,949.544848828414,613,0
1728.7223510742188,-0.052029192447662354,0.19612325727939606,2114.7419480784138,949.9643052333385,614,0
1728.7432250976562,-0.21541285514831543,0.19615377485752106,2115.0309098056146,949.6892432393421,615,0
1728.7640380859375,-0.1289401352405548,0.19611984491348267,2115.0935901675134,949.8468367224465,616,0
1728.7848510742188,0.023518085479736328,0.1961333304643631,2114.582424907979,949.7527641077162,617,0
1728.8057250976562,-0.0966687798500061,0.19614021480083466,2115.1044850503904,949.8236688030468,618,0
1728.8265380859375,-0.060044169425964355,0.19611307978630066,2114.8790253951292,949.909491160463,619,0
1728.8473510742188,-0.10741081833839417,0.19611307978630066,2114.94015722971,949.8799574067214,620,0
1728.8682250976562,-0.014682799577713013,0.19611307978630066,2114.852073178025,949.8272671524129,621,0
1728.8890380859375,-0.01711815595626831,0.1961163729429245,2114.968616221351,949.8831413510488,622,0
1728.9098510742188,0.016927093267440796,0.1961231827735901,2114.6251976119424,950.0068613770552,623,0
1728.9307250976562,-0.07153528928756714,0.19611306488513947,2114.7179462155195,949.7258581434576,624,0
1728.9515380859375,-0.125859797000885,0.19611302018165588,2114.8332835581896,949.8431064871528,625,0
1728.9723510742188,-0.22222793102264404,0.1961129903793335,2115.05011177569,950.0812312964341,626,0
1728.9932250976562,0.021633952856063843,0.19611309468746185,2114.264200730909,949.6937343330761,627,0
1729.0140380859375,-0.16283166408538818,0.19610966742038727,2115.2212452584126,949.7938662432828,628,0
1729.0348510742188,-0.2948170006275177,0.1961401402950287,2115.09323510702,949.873714260868,629,0
1729.0557250976562,-0.10319444537162781,0.19612319767475128,2114.714195647548,949.6054357295341,630,0
1729.0765380859375,-0.11813431978225708,0.1961163878440857,2114.9088661347923,949.8769316025972,631,0
1729.0973510742188,-0.14943957328796387,0.19611972570419312,2114.9659560659334,949.716895824472,632,0
1729.1182250976562,-0.16272121667861938,0.19611647725105286,2114.9234185894375,949.7794633923261,633,0
1729.1390380859375,-0.003537297248840332,0.19611303508281708,2114.6708279919567,949.8490338312928,634,0
1729.1598510742188,-0.09611085057258606,0.19611310958862305,2114.8663116100356,949.8355615862404,635,0
1729.1807250976562,-0.09407800436019897,0.19613684713840485,2114.452547246852,949.909695467418,636,0
1729.2015380859375,-0.04968056082725525,0.19615043699741364,2114.5177855346815,949.8473895106739,637,0
1729.2223510742188,-0.13448208570480347,0.19614693522453308,2114.9754292736657,949.8461376027325,638,0
1729.2640380859375,-0.05063366889953613,0.1961435228586197,2114.832802964337,949.8247851811955,639,0
1729.2848510742188,-0.04321110248565674,0.19615043699741364,2114.6466573726834,949.8606586987743,640,0
1729.3057250976562,-0.15908655524253845,0.19615384936332703,2114.8874388812133,949.7023261571481,641,0
1729.3265380859375,0.04663419723510742,0.19611304998397827,2114.8000464017236,949.5638811625676,642,0
1729.3473510742188,-0.07994186878204346,0.19615377485752106,2115.1850402220152,949.7984534655014,643,0
1729.3682250976562,-0.07617524266242981,0.19615043699741364,2114.8122672464565,949.7389139802067,644,0
1729.3890380859375,-0.014293491840362549,0.19615386426448822,2114.783791283422,949.7865583501285,645,0
1729.4098510742188,-0.1819848120212555,0.19615377485752106,2114.9413497241276,949.891065516623,646,0
1729.4307250976562,-0.19160133600234985,0.1961469054222107,2115.0964573514702,949.822006402761,647,0
1729.4515380859375,-0.13662788271903992,0.19614695012569427,2114.783845653621,950.095579760137,648,0
1729.4723510742188,-0.07258477807044983,0.1961400806903839,2114.8704962370107,949.7420480476818,649,0
1729.4932250976562,0.02173757553100586,0.19614022970199585,2114.5020703401,949.726609195214,650,0
1729.5140380859375,0.10014405846595764,0.19614695012569427,2114.4873098222774,949.7912684885006,651,0
1729.5348510742188,0.035271793603897095,0.19612321257591248,2114.814949533282,949.5740026701416,652,0
1729.5557250976562,-0.0034987330436706543,0.19611304998397827,2114.761472279305,949.6509278248059,653,0
1729.5765380859375,0.025555938482284546,0.19615043699741364,2114.5905549852787,950.059470317165,654,0
1729.5973510742188,-0.15610229969024658,0.19611984491348267,2114.942253380489,949.739327096677,655,0
1729.6182250976562,-0.06043556332588196,0.19614705443382263,2114.8037793547323,949.8707668597657,656,0
1729.6390380859375,-0.0021910667419433594,0.19614361226558685,2114.6708732889156,949.6976600018595,657,0
1729.6598510742188,0.032334327697753906,0.19611643254756927,2114.5144439443984,949.7489133713715,658,0
1729.6807250976562,0.06433519721031189,0.19614693522453308,2114.535979720665,949.4507724739109,659,0
1729.7015380859375,-0.2034086287021637,0.1961265504360199,2114.9457068803013,949.7029647542699,660,0
1729.7223510742188,0.2428332269191742,0.19612319767475128,2113.8541521926004,949.8334246284348,661,0
1729.7432250976562,-0.006581723690032959,0.19611307978630066,2114.803233548811,949.7730444344944,662,0
1729.7640380859375,0.14589643478393555,0.19612997770309448,2114.4121877665675,950.0072635385674,663,0
1729.7848510742188,-0.009739905595779419,0.19615384936332703,2114.782380099997,949.7219295922924,664,0
1729.8057250976562,0.1233220100402832,0.1961231827735901,2114.818104025439,949.7692616911927,665,0
1729.8265380859375,-0.06352809071540833,0.19612327218055725,2114.990571370817,949.9609882867232,666,0
1729.8473510742188,-0.057488858699798584,0.19613684713840485,2115.0174272953514,949.7890456537231,667,0
1729.8682250976562,-0.12216129899024963,0.19612661004066467,2115.1030505696503,949.8009719590982,668,0
1729.8890380859375,-0.021996259689331055,0.19614362716674805,2114.7741264144815,949.8506214057688,669,0
1729.9098510742188,-0.0012548267841339111,0.19613006711006165,2114.770475659954,949.8088992733973,670,0
1729.9307250976562,-0.08538731932640076,0.19615042209625244,2115.0475386873254,949.5441815213101,671,0
1729.9515380859375,0.08319881558418274,0.19613675773143768,2114.326473223047,949.5847450637641,672,0
1729.9723510742188,0.0440918505191803,0.19611310958862305,2114.426193222467,950.1240519524641,673,0
1729.9932250976562,0.00044527649879455566,0.19614697992801666,2114.9838622953466,949.844620309942,674,0
1730.0140380859375,-0.11637315154075623,0.19615383446216583,2115.033061365172,949.7830210059775,675,0
1730.0348510742188,0.1313195526599884,0.19612997770309448,2113.9641974356446,949.3545064981295,676,0
1730.0557250976562,-0.034441620111465454,0.19613336026668549,2114.7732864591235,949.7110953083243,677,0
1730.0764770507812,0.0973249077796936,0.19611647725105286,2114.3036311835044,949.6882051824729,678,0
1730.0973510742188,-0.00501251220703125,0.19615037739276886,2114.469841283232,949.697815960807,679,0
1730.1181640625,-0.15416401624679565,0.19615384936332703,2114.889128322528,949.714008840945,680,0
1730.1389770507812,-0.01036807894706726,0.19615380465984344,2114.959764425824,949.6700529275226,681,0
1730.1598510742188,0.049072057008743286,0.1961435228586197,2114.6198770688748,949.9487810479899,682,0
1730.1806640625,0.06931015849113464,0.1961299628019333,2114.5554981148944,949.7773818906644,683,0
1730.2014770507812,0.1373249590396881,0.19613000750541687,2114.6433329201896,950.0050604670836,684,0
1730.2223510742188,0.15051421523094177,0.19614695012569427,2114.422849207712,949.6251080203307,685,0
1730.2431640625,0.019871562719345093,0.19615384936332703,2114.7743266612665,949.8457800156788,686,0
1730.2639770507812,0.010738521814346313,0.1961265504360199,2114.7433488625356,950.1080625737538,687,0
1730.2848510742188,-0.09906697273254395,0.1961401402950287,2114.571002673857,949.645105690357,688,0
1730.3056640625,0.052445054054260254,0.19615381956100464,2114.1947291539764,949.5352442006134,689,0
1730.3264770507812,0.008208125829696655,0.19614018499851227,2114.489487598625,950.1185366413075,690,0
1730.3473510742188,-0.008147627115249634,0.19615043699741364,2114.8527415583126,949.7539838610686,691,0
1730.3681640625,-0.14752763509750366,0.19615384936332703,2114.987525718944,949.8830252956953,692,0
1730.3889770507812,-0.1025429368019104,0.19615381956100464,2115.1535200818735,949.7809921083614,693,0
1730.4098510742188,-0.05134764313697815,0.19615380465984344,2114.88304835007,949.6758393212584,694,0
1730.4306640625,-0.005018889904022217,0.19614022970199585,2114.8655925818107,950.0061511881482,695,0
1730.4514770507812,0.010877370834350586,0.19615378975868225,2114.521485949258,949.9048499483164,696,0
1730.4723510742188,0.040682077407836914,0.19615384936332703,2114.6820724633753,949.5793884043959,697,0
1730.4931640625,-0.0712595283985138,0.19615386426448822,2114.615903406286,949.814029932253,698,0
1730.5139770507812,-0.13019073009490967,0.1961469054222107,2115.0931664935847,949.9321448903077,699,0
1730.5348510742188,0.06750056147575378,0.19615380465984344,2114.574575158748,949.7302412395945,700,0
1730.5556640625,0.01809409260749817,0.19615383446216583,2114.664089250167,950.0089199667499,701,0
1730.5764770507812,0.06798899173736572,0.19615383446216583,2114.842189927881,949.7839134444783,702,0
1730.5973510742188,0.03765961527824402,0.19615380465984344,2114.7207333319348,949.8857070788991,703,0
1730.6181640625,0.23490986227989197,0.19615381956100464,2113.6219096834157,949.9189932201419,704,0
1730.6389770507812,0.05767962336540222,0.19615377485752106,2114.5540335488845,949.7151653960924,705,0
1730.6598510742188,0.07218807935714722,0.19615377485752106,2114.7906057520327,949.7154063152744,706,0
1730.6806640625,0.04294273257255554,0.19615384936332703,2114.898412229772,949.5021914577615,707,0
1730.7014770507812,-0.14592981338500977,0.19615377485752106,2115.0629799186804,949.7159473291568,708,0
1730.7223510742188,-0.048446983098983765,0.19615380465984344,2114.6781773219222,949.6980926119452,709,0
1730.7431640625,0.012582987546920776,0.19615381956100464,2114.678756569745,949.6242468551902,710,0
1730.7639770507812,0.2008158266544342,0.19615380465984344,2114.482896255069,949.6429826389044,711,0
1730.7848510742188,0.08990916609764099,0.19615380465984344,2114.3286995397616,949.6416278709718,712,0
1730.8056640625,-0.015599280595779419,0.19615384936332703,2115.0162734880796,949.624940302897,713,0
1730.8264770507812,0.02209600806236267,0.19615378975868225,2114.679222809463,949.5410685340448,714,0
1730.8473510742188,-0.043318331241607666,0.19615383446216583,2114.9710597395265,949.6577592014171,715,0
1730.8681640625,0.13190090656280518,0.19615384936332703,2114.496524454582,949.4776042901548,716,0
1730.8889770507812,0.012129008769989014,0.19615386426448822,2114.615511700322,949.5212207013808,717,0
1730.9098510742188,-0.07316705584526062,0.19615383446216583,2114.8295297415802,949.7217871289236,718,0
1730.9306640625,0.12390017509460449,0.19615377485752106,2114.517297502164,949.7079366909451,719,0
1730.9514770507812,-0.11572125554084778,0.19615380465984344,2115.21610755525,949.668914901269,720,0
1730.9723510742188,0.03689095377922058,0.19615381956100464,2114.6797413730733,949.5248818272538,721,0
1730.9931640625,-0.030953317880630493,0.19615384936332703,2114.9267832645673,949.7448601355119,722,0
1731.0139770507812,0.1382887363433838,0.19615381956100464,2114.33015239324,949.7899957688221,723,0
1731.0348510742188,-0.0685226321220398,0.19615380465984344,2114.934609464856,949.7812443477256,724,0
1731.0556640625,-0.00423586368560791,0.19615378975868225,2114.9639466098997,949.719484968641,725,0
1731.0764770507812,-0.011952072381973267,0.19615377485752106,2115.0225320090985,949.758227933677,726,0
1731.0973510742188,-0.05535951256752014,0.19615380465984344,2114.695304484898,949.7790080417944,727,0
1731.1181640625,0.06600731611251831,0.19615040719509125,2114.9360563512237,949.7226364147039,728,0
1731.1389770507812,-0.02666535973548889,0.19615384936332703,2114.795329805573,949.8713016327952,729,0
1731.1598510742188,-0.04709148406982422,0.19615381956100464,2115.072070796188,950.179327552259,730,0
1731.1806640625,0.0025284886360168457,0.19615380465984344,2114.7956910530206,949.80384967485,731,0
1731.2014770507812,0.002592921257019043,0.19615380465984344,2114.868513118211,950.0082138203894,732,0
1731.2223510742188,-0.09855467081069946,0.19615381956100464,2114.8860176306075,949.923000323201,733,0
1731.2431640625,0.1078159511089325,0.19615384936332703,2114.4959583010263,949.8875037654168,734,0
1731.2639770507812,-0.05661123991012573,0.19615386426448822,2114.7383734977557,949.9570440106484,735,0
1731.2848510742188,0.23792052268981934,0.19615383446216583,2114.11346874095,949.3445076963054,736,0
1731.3056640625,0.155435711145401,0.19615380465984344,2114.12881832251,949.8600183074727,737,0
1731.3264770507812,-0.029940634965896606,0.19615386426448822,2114.6919923487517,949.8488612938844,738,0
1731.3473510742188,-0.04133668541908264,0.19615386426448822,2114.780388319129,949.8646548635433,739,0
1731.3681640625,0.07379356026649475,0.19615377485752106,2114.270595811928,949.3593788598855,740,0
1731.3889770507812,0.24489355087280273,0.19615383446216583,2112.9713502188456,949.6638152630948,741,0
1731.4098510742188,0.10663628578186035,0.19615383446216583,2114.6244477641008,949.7759650452984,742,0
1731.4306640625,-0.029033571481704712,0.19615381956100464,2114.6319342504557,949.6190823918242,743,0
1731.4514770507812,0.04418501257896423,0.19615384936332703,2114.898102308927,949.3893274835356,744,0
1731.4723510742188,0.025646120309829712,0.19615381956100464,2114.5771014614998,949.6986151928363,745,0
1731.4931640625,0.013204991817474365,0.19615383446216583,2114.7080760086756,949.5350442403831,746,0
1731.5139770507812,0.0829724371433258,0.19615375995635986,2114.5816424757877,949.7587453351978,747,0
1731.5348510742188,-0.0024031400680541992,0.19615384936332703,2114.7575346630188,949.7335369099195,748,0
1731.5556640625,0.008944720029830933,0.19615380465984344,2114.68214320247,949.7103441961524,749,0
1731.5764770507812,0.08162185549736023,0.19615384936332703,2114.4107843828374,949.6992140585693,750,0
1731.5973510742188,0.03407377004623413,0.19615378975868225,2114.6851661666906,949.6597404950697,751,0
1731.6181640625,-0.026231080293655396,0.19615381956100464,2114.9095148056513,949.7851848527868,752,0
1731.6389770507812,0.05966344475746155,0.19615383446216583,2114.625324057137,949.9531983080038,753,0
1731.6598510742188,0.06282034516334534,0.19615378975868225,2114.710787669927,949.8950397130418,754,0
1731.6806640625,-0.07931369543075562,0.19615384936332703,2114.883480394452,949.7800796319171,755,0
1731.7014770507812,-0.009971380233764648,0.19615378975868225,2114.681774613388,949.8021518200524,756,0
1731.7223510742188,-0.1263049840927124,0.19615383446216583,2115.189302189423,949.7804445634375,757,0
1731.7431640625,-0.10441073775291443,0.19615381956100464,2114.8207941246133,949.9213922459047,758,0
1731.7639770507812,-0.22855815291404724,0.19615381956100464,2115.1950001144432,949.9687676908912,759,0
1731.7848510742188,-0.15794891119003296,0.19615384936332703,2114.912465512459,949.7922273524314,760,0
1731.8056640625,-0.03015005588531494,0.19615386426448822,2114.773595554341,949.9564922793512,761,0
1731.8264770507812,-0.05262875556945801,0.19615386426448822,2114.9755674297653,949.6750452994005,762,0
1731.8473510742188,-0.09630858898162842,0.19615375995635986,2114.8756026618685,949.8375333407562,763,0
1731.8681640625,0.0015284717082977295,0.19615380465984344,2114.7490584720676,949.8554906401353,764,0
1731.8889770507812,0.04850149154663086,0.19615386426448822,2114.146973436309,949.8020135500745,765,0
1731.9098510742188,-0.04277753829956055,0.19615386426448822,2114.5302594469545,949.2895224261865,766,0
1731.9306640625,0.16501915454864502,0.19615386426448822,2113.984552547263,949.303055835909,767,0
1731.9514770507812,-0.040281862020492554,0.19615381956100464,2114.7884364416973,949.7120227294678,768,0
1731.9723510742188,0.0742097795009613,0.19615384936332703,2114.7044246449977,949.9519515315645,769,0
1731.9931640625,-0.01727280020713806,0.19615386426448822,2114.837068275544,949.595941298471,770,0
1732.0139770507812,-0.055712372064590454,0.19615380465984344,2114.5367894215824,949.6120419679553,771,0
1732.0348510742188,-0.07462829351425171,0.19615380465984344,2114.7654199505732,949.775222439724,772,0
1732.0556640625,-0.1734977662563324,0.19615380465984344,2114.932135390535,949.7350359024736,773,0
1732.0764770507812,-0.1448957622051239,0.19615375995635986,2114.8829682147484,950.0072083810119,774,0
1732.0973510742188,-0.08286085724830627,0.19615375995635986,2114.9469324857687,949.9590817628683,775,0
1732.1181640625,0.12049505114555359,0.19615384936332703,2114.2214644343585,949.4323474711886,776,0
1732.1389770507812,-0.16293030977249146,0.19615377485752106,2114.991536731185,949.9274632356808,777,0
1732.1598510742188,0.03595694899559021,0.19615384936332703,2114.6068243029868,949.7907879888124,778,0
1732.1806030273438,-0.1194707453250885,0.19615380465984344,2114.8048634125653,950.132375238936,779,0
1732.2014770507812,-0.07041382789611816,0.19615375995635986,2114.974576024198,949.7698532819608,780,0
1732.2222900390625,-0.0386999249458313,0.19615383446216583,2114.2958098668087,949.6847899632185,781,0
1732.2431030273438,0.009458959102630615,0.19615377485752106,2114.6143473932357,949.6954638421093,782,0
1732.2639770507812,-0.17780113220214844,0.19615375995635986,2115.0242289806984,949.7582411157507,783,0
1732.2847900390625,-0.04102170467376709,0.19615378975868225,2115.0004123061317,949.6970028747018,784,0
1732.3056030273438,-0.04352062940597534,0.19615375995635986,2114.8744127668065,949.7210688694993,785,0
1732.3264770507812,0.012716084718704224,0.19615381956100464,2114.5211323216395,949.8977017194921,786,0
1732.3472900390625,-0.09195008873939514,0.19615386426448822,2114.8489529567582,949.8613132950048,787,0
1732.3681030273438,-0.05993366241455078,0.19615380465984344,2114.674005311519,949.6452361925021,788,0
1732.3889770507812,-0.05445250868797302,0.19615374505519867,2114.916661357894,949.731513669027,789,0
1732.4097900390625,0.014016985893249512,0.19615384936332703,2114.737776638671,949.7408034205641,790,0
1732.4306030273438,0.05000269412994385,0.19615386426448822,2114.782026398567,949.5356286353565,791,0
1732.4514770507812,0.006853669881820679,0.19615377485752106,2114.369768715443,949.6416890893329,792,0
1732.4722900390625,-0.029554665088653564,0.19615381956100464,2114.6699693677024,949.7665423917977,793,0
1732.4931030273438,0.0406680703163147,0.19615384936332703,2114.742708390516,949.5818218845649,794,0
1732.5139770507812,-0.04363110661506653,0.19615377485752106,2114.6226949928423,949.9549930944647,795,0
1732.5347900390625,-0.10869988799095154,0.19615380465984344,2114.8902015846966,949.8334150926427,796,0
1732.5556030273438,0.00636821985244751,0.19615378975868225,2114.8816410828713,949.9088995054569,797,0
1732.5764770507812,-0.134016215801239,0.19615384936332703,2115.0671148364736,949.8084633710578,798,0
1732.5972900390625,-0.15271714329719543,0.19615386426448822,2114.9567825511567,949.74149779837,799,0
1732.6181030273438,0.049924612045288086,0.19615378975868225,2114.8055026961797,950.0616704058249,800,0
1732.6389770507812,-0.13546258211135864,0.19615381956100464,2114.959824470068,949.8798030822414,801,0
1732.6597900390625,-0.12504273653030396,0.19615380465984344,2114.892814267155,949.8337781409831,802,0
1732.6806030273438,-0.22860094904899597,0.19615375995635986,2115.1155760631314,949.9410776175375,803,0
1732.7014770507812,-0.08380872011184692,0.19615380465984344,2114.848410962057,949.9171492900974,804,0
1732.7222900390625,0.0026025474071502686,0.19615384936332703,2114.739992568174,949.5465265067097,805,0
1732.7431030273438,-0.08298683166503906,0.19615380465984344,2114.941213368738,950.0067660214078,806,0
1732.7639770507812,-0.08264273405075073,0.19615383446216583,2114.9235834715023,949.7879613896167,807,0
1732.7847900390625,-0.14235243201255798,0.19615384936332703,2114.891066923235,949.7651165585041,808,0
1732.8056030273438,-0.2035946547985077,0.19615375995635986,2115.128932014379,949.8283649614582,809,0
1732.8264770507812,-0.1771276295185089,0.19615386426448822,2114.886045245141,949.6831807780849,810,0
1732.8472900390625,-0.14824947714805603,0.19615377485752106,2114.939694392561,949.6984107321628,811,0
1732.8681030273438,-0.09900856018066406,0.19615036249160767,2114.7146285104827,949.8723746925734,812,0
1732.8889770507812,-0.03584486246109009,0.19615375995635986,2114.8850700880816,949.8597659215278,813,0
1732.9097900390625,-0.06931149959564209,0.19615383446216583,2114.88101971737,949.8757297534802,814,0
1732.9306030273438,-0.22379648685455322,0.19615384936332703,2115.142507900727,949.8239724315025,815,0
1732.9514770507812,-0.05828016996383667,0.19615386426448822,2114.839446583569,949.8109310302978,816,0
1732.9722900390625,-0.07183483242988586,0.19615377485752106,2114.81479711231,949.6502442727358,817,0
1732.9931030273438,-0.1374334692955017,0.19615375995635986,2114.939634090532,949.8068471425379,818,0
1733.0139770507812,0.018722057342529297,0.19615384936332703,2114.9817776765544,949.6797133336246,819,0
1733.0347900390625,-0.21420633792877197,0.19615381956100464,2114.9912240562576,949.6171463633855,820,0
1733.0556030273438,-0.12667280435562134,0.19615381956100464,2115.1009942882815,949.8228962299659,821,0
1733.0764770507812,-0.16349631547927856,0.19615377485752106,2115.2051542319514,949.7356129251552,822,0
1733.0972900390625,0.003568887710571289,0.19615381956100464,2114.7117162020004,949.8379751125877,823,0
1733.1181030273438,-0.14861848950386047,0.19615378975868225,2115.084496291652,949.7731299544043,824,0
1733.1389770507812,-0.21777424216270447,0.19615384936332703,2115.023174111017,949.7853284060378,825,0
1733.1597900390625,0.02458629012107849,0.19615378975868225,2114.549237328682,949.626511482184,826,0
1733.1806030273438,-0.07461589574813843,0.19615386426448822,2114.7345713311915,949.7413281610238,827,0
1733.2014770507812,0.01465025544166565,0.19615383446216583,2115.0768702264904,949.8189108639906,828,0
1733.2222900390625,-0.10419142246246338,0.19615384936332703,2115.0006211088566,949.697084952159,829,0
1733.2431030273438,-0.06511810421943665,0.19615380465984344,2115.036085815346,949.7078545664808,830,0
1733.2639770507812,-0.12014997005462646,0.19615375995635986,2114.954081412826,949.6792603715164,831,0
1736.5763549804688,-0.01575469970703125,0.19615383446216583,2114.825244794832,949.8766213762789,832,0
1736.5972290039062,-0.16892993450164795,0.19615378975868225,2114.966393534711,950.0030241126335,833,0
1736.6180419921875,-0.29476475715637207,0.19615383446216583,2114.928300162105,949.9506033289219,834,0
1736.6388549804688,-0.1437058448791504,0.19615384936332703,2114.808398671823,949.965085212718,835,0
1736.6597290039062,-0.21351826190948486,0.19615386426448822,2114.8476381507885,950.002954848998,836,0
1736.6805419921875,-0.25090527534484863,0.19615386426448822,2114.9559313702152,950.03850910909,837,0
1736.7013549804688,-0.09786069393157959,0.19615378975868225,2114.8760716618735,950.0219061699751,838,0
1736.7222290039062,-0.16332745552062988,0.19615383446216583,2115.026044479334,950.0586178020694,839,0
1736.7430419921875,-0.1675736904144287,0.19615384936332703,2114.850808633762,950.0620706777912,840,0
1736.7638549804688,-0.19825470447540283,0.19615383446216583,2114.9788053443244,950.0032315196294,841,0
1736.7847290039062,-0.2947566509246826,0.19615384936332703,2115.098136273575,949.9673084770048,842,0
1736.8055419921875,-0.021747946739196777,0.19615381956100464,2114.898036164026,950.0908781967793,843,0
1736.8263549804688,-0.12431246042251587,0.19615384936332703,2114.8568159838464,950.0674017378236,844,0
1736.8472290039062,0.0013247132301330566,0.19615380465984344,2114.675520009018,950.0287739832079,845,0
1736.8680419921875,-0.1488882303237915,0.19615381956100464,2114.9730380139763,950.0669966066071,846,0
1736.8888549804688,-0.1838250756263733,0.19615384936332703,2114.904588540825,950.046054325437,847,0
1736.9097290039062,-0.38404637575149536,0.19615384936332703,2115.1034246816826,950.0596062952152,848,0
1736.9305419921875,-0.2610704302787781,0.19615386426448822,2114.921519917856,950.0241704972558,849,0
1736.9513549804688,-0.3990773558616638,0.19615384936332703,2115.1067378965813,949.984253329713,850,0
1736.9722290039062,-0.3475645184516907,0.19615380465984344,2114.9936192172504,949.9611348128107,851,0
1736.9930419921875,-0.30295872688293457,0.19615377485752106,2114.9027921388406,950.0761818135658,852,0
1737.0138549804688,-0.26314252614974976,0.19615386426448822,2115.073239473877,950.0519539555443,853,0
1737.0347290039062,-0.2804834842681885,0.19615380465984344,2114.850098186497,950.1074832024248,854,0
1737.0555419921875,-0.5519925951957703,0.19615380465984344,2115.189757982081,950.042126058196,855,0
1737.0763549804688,-0.24218207597732544,0.19615381956100464,2114.8026864341023,949.9495341786519,856,0
1737.0972290039062,-0.23683416843414307,0.19615380465984344,2114.9285723236853,950.1846024246391,857,0
1737.1180419921875,-0.24963581562042236,0.19615384936332703,2114.9901622655316,950.0828641437905,858,0
1737.1388549804688,-0.3106222152709961,0.19615381956100464,2115.109804396685,949.8071095037241,859,0
1737.1597290039062,0.01678156852722168,0.19615384936332703,2114.7602881879784,949.7546942943638,860,0
1737.1805419921875,-0.17004835605621338,0.19615381956100464,2114.987937022576,949.7807237760259,861,0
1737.2013549804688,-0.1142154335975647,0.19615381956100464,2115.0460990463075,949.8194819460642,862,0
1737.2222290039062,-0.07297992706298828,0.19615384936332703,2114.7885231687665,950.0830834482953,863,0
1737.2430419921875,-0.018960177898406982,0.19615381956100464,2114.692492380812,949.4171764822877,864,0
1737.2638549804688,-0.2647339701652527,0.19615384936332703,2115.109603721158,949.8179929465579,865,0
1737.2847290039062,-0.10199418663978577,0.19615380465984344,2114.822725349391,949.6651480921552,866,0
1737.3055419921875,-0.17438313364982605,0.19615383446216583,2115.1327718120597,949.821882167671,867,0
1737.3263549804688,-0.1874646246433258,0.19615383446216583,2115.20200396323,949.7581252368078,868,0
1737.3472290039062,0.03591352701187134,0.19615381956100464,2114.819225512533,949.8227273208006,869,0
1737.3680419921875,0.09032586216926575,0.19615384936332703,2114.434679598951,949.7650201055818,870,0
1737.3888549804688,-0.165908545255661,0.19615375995635986,2115.1482620833367,949.8824630379826,871,0
